{
  "city": "london",
  "n_stations": 8,
  "station_names": [
    "BL0",
    "BT4",
    "CT3",
    "GN0",
    "KC1",
    "LH0",
    "RB7",
    "TH4"
  ],
  "features": [
    "PM2.5",
    "TEMP",
    "PRES",
    "DEWP",
    "WSPM"
  ],
  "seeds": [
    42,
    123,
    777
  ],
  "config": {
    "seq_len": 24,
    "batch_size": 64,
    "d_model": 64,
    "n_heads": 4,
    "n_layers": 2,
    "max_epochs": 50,
    "patience": 8,
    "k_neighbors": 5
  },
  "graphs": {
    "distance": {
      "Linear+Transformer": {
        "MAE": [
          1.0204083747244947,
          1.1711277851365007,
          1.0822694860687359
        ],
        "RMSE": [
          1.859213910834033,
          1.9029841065545867,
          1.8655991841937969
        ],
        "R2": [
          0.8450650530364743,
          0.8376841277991227,
          0.8439990102212338
        ],
        "MAE_mean": 1.0912685486432439,
        "MAE_std": 0.06185910072711267,
        "RMSE_mean": 1.8759324005274722,
        "RMSE_std": 0.019305250204763712,
        "R2_mean": 0.8422493970189436,
        "R2_std": 0.003257337778827413
      },
      "GCN1+Transformer": {
        "MAE": [
          2.048732300396564,
          2.12827886851899,
          2.0771351920351413
        ],
        "RMSE": [
          3.1066195679122073,
          3.1616800386408053,
          3.09985055620623
        ],
        "R2": [
          0.5674196234076874,
          0.5519499788977253,
          0.5693026679877358
        ],
        "MAE_mean": 2.0847154536502317,
        "MAE_std": 0.032914124623823274,
        "RMSE_mean": 3.1227167209197475,
        "RMSE_std": 0.027689468223411652,
        "R2_mean": 0.5628907567643828,
        "R2_std": 0.007774399418101657
      },
      "GCN+Transformer": {
        "MAE": [
          2.2582702684488143,
          2.269420724521597,
          2.3676605979214718
        ],
        "RMSE": [
          3.388243892189217,
          3.418257153049388,
          3.5384628609200406
        ],
        "R2": [
          0.4854352926910218,
          0.4762788292453649,
          0.4387970427497858
        ],
        "MAE_mean": 2.2984505302972944,
        "MAE_std": 0.04915016624634595,
        "RMSE_mean": 3.448321302052882,
        "RMSE_std": 0.0649067250399436,
        "R2_mean": 0.46683705489539085,
        "R2_std": 0.02017658571301846
      },
      "GAT+Transformer": {
        "MAE": [
          2.6433597360206322,
          2.662795662022746,
          2.6076377883203072
        ],
        "RMSE": [
          3.8291395757146964,
          3.8446009674489674,
          3.8163218981839386
        ],
        "R2": [
          0.3428067992118803,
          0.337488823342153,
          0.3471992177219445
        ],
        "MAE_mean": 2.6379310621212286,
        "MAE_std": 0.022842951255228186,
        "RMSE_mean": 3.830020813782534,
        "RMSE_std": 0.011561686008053452,
        "R2_mean": 0.3424982800919926,
        "R2_std": 0.003970250016331779
      },
      "per_station": {
        "Linear+Transformer": {
          "BL0": {
            "MAE": 0.4140663818225379,
            "RMSE": 0.8280003572899608,
            "R2": 0.9071942708790217
          },
          "BT4": {
            "MAE": 2.074874058817956,
            "RMSE": 2.9237319223429528,
            "R2": 0.7608215126495824
          },
          "CT3": {
            "MAE": 0.44525006517692073,
            "RMSE": 0.9649767592275443,
            "R2": 0.7584555109596508
          },
          "GN0": {
            "MAE": 0.6636271478564755,
            "RMSE": 1.2909352859997856,
            "R2": 0.7415797223946533
          },
          "KC1": {
            "MAE": 0.902033420534509,
            "RMSE": 1.5125145642142743,
            "R2": 0.901552744785484
          },
          "LH0": {
            "MAE": 0.3955377729803126,
            "RMSE": 0.9200449946226681,
            "R2": 0.8951224979619998
          },
          "RB7": {
            "MAE": 1.637700503005457,
            "RMSE": 2.508997696392035,
            "R2": 0.7280985663470754
          },
          "TH4": {
            "MAE": 1.630177647601789,
            "RMSE": 2.528373268809615,
            "R2": 0.8669175599917451
          }
        },
        "GCN1+Transformer": {
          "BL0": {
            "MAE": 1.8608783786087932,
            "RMSE": 2.7434721721298474,
            "R2": -0.018860809609549056
          },
          "BT4": {
            "MAE": 2.910799495014746,
            "RMSE": 4.07775552056027,
            "R2": 0.5347467832329285
          },
          "CT3": {
            "MAE": 2.457660091432923,
            "RMSE": 2.8975240990053193,
            "R2": -1.1777977216989095
          },
          "GN0": {
            "MAE": 1.850605332862313,
            "RMSE": 2.4040788810520404,
            "R2": 0.1037790912866523
          },
          "KC1": {
            "MAE": 1.5530832588103771,
            "RMSE": 2.3297701130312625,
            "R2": 0.7664227069001914
          },
          "LH0": {
            "MAE": 0.930547606061136,
            "RMSE": 1.4293454656074096,
            "R2": 0.7468729152265142
          },
          "RB7": {
            "MAE": 2.0437193277592085,
            "RMSE": 2.833523575828515,
            "R2": 0.6532115430751
          },
          "TH4": {
            "MAE": 2.7825649126230125,
            "RMSE": 4.8351832652062345,
            "R2": 0.5132967416394589
          }
        },
        "GCN+Transformer": {
          "BL0": {
            "MAE": 2.2300887774839833,
            "RMSE": 3.274436635712892,
            "R2": -0.45139933635569807
          },
          "BT4": {
            "MAE": 3.0071085166002565,
            "RMSE": 4.354896754340025,
            "R2": 0.46935663013457507
          },
          "CT3": {
            "MAE": 2.314112618470263,
            "RMSE": 2.881133272698421,
            "R2": -1.1532285102021347
          },
          "GN0": {
            "MAE": 2.029864350912972,
            "RMSE": 2.7769265176314044,
            "R2": -0.1957666050774185
          },
          "KC1": {
            "MAE": 1.8266927620522484,
            "RMSE": 2.589914542669876,
            "R2": 0.711347482067789
          },
          "LH0": {
            "MAE": 1.250477592639477,
            "RMSE": 1.8834732702366819,
            "R2": 0.5604754648402421
          },
          "RB7": {
            "MAE": 2.5384539100677643,
            "RMSE": 3.318153288041371,
            "R2": 0.5244415940170346
          },
          "TH4": {
            "MAE": 2.8693636193635483,
            "RMSE": 4.987684071897206,
            "R2": 0.48211152291877346
          }
        },
        "GAT+Transformer": {
          "BL0": {
            "MAE": 2.435244544675741,
            "RMSE": 3.4002132831473992,
            "R2": -0.5650422200262892
          },
          "BT4": {
            "MAE": 3.0863379464618474,
            "RMSE": 4.6596693423538955,
            "R2": 0.392484706991307
          },
          "CT3": {
            "MAE": 2.068262831165036,
            "RMSE": 2.7006871645941293,
            "R2": -0.8919601577046585
          },
          "GN0": {
            "MAE": 1.9142973125294456,
            "RMSE": 2.683978828110326,
            "R2": -0.11705823977794116
          },
          "KC1": {
            "MAE": 2.2557140354204317,
            "RMSE": 3.00025711497697,
            "R2": 0.6126340612338215
          },
          "LH0": {
            "MAE": 3.1210250093011376,
            "RMSE": 4.016315442782953,
            "R2": -0.9985721495269353
          },
          "RB7": {
            "MAE": 3.26598777611182,
            "RMSE": 4.169475931648034,
            "R2": 0.24911415970331108
          },
          "TH4": {
            "MAE": 3.0000084324995964,
            "RMSE": 5.197133327539754,
            "R2": 0.4377025792478667
          }
        }
      },
      "dirichlet": {
        "GCN1+Transformer": [
          0.02950325980782509
        ],