{
  "per_city": [
    {
      "city": "beijing",
      "n_stations": 12,
      "h_index": 0.497,
      "tests": [
        {
          "topology": "distance",
          "delta_r2_aggregate_mean": -0.017178270606751738,
          "delta_r2_aggregate_std": 9.903448543058025e-05,
          "delta_r2_perstation_mean": -0.018132798962110053,
          "delta_r2_perstation_ci95_lo": -0.02914697002144848,
          "delta_r2_perstation_ci95_hi": -0.009506882526331795,
          "wilcoxon_r2_pvalue": 0.00048828125,
          "wilcoxon_r2_stat": 1.0,
          "wilcoxon_rmse_pvalue": 0.000732421875,
          "cohens_d": -1.0174946892950487,
          "n_stations_gcn_worse": 11,
          "n_stations_total": 12
        },
        {
          "topology": "correlation",
          "delta_r2_aggregate_mean": -0.037516592084568146,
          "delta_r2_aggregate_std": 0.0006583219452946746,
          "delta_r2_perstation_mean": -0.04055957810544403,
          "delta_r2_perstation_ci95_lo": -0.06179498947490929,
          "delta_r2_perstation_ci95_hi": -0.02218826581470687,
          "wilcoxon_r2_pvalue": 0.000244140625,
          "wilcoxon_r2_stat": 0.0,
          "wilcoxon_rmse_pvalue": 0.000244140625,
          "cohens_d": -1.1467906657287132,
          "n_stations_gcn_worse": 12,
          "n_stations_total": 12
        }
      ]
    },
    {
      "city": "london",
      "n_stations": 8,
      "h_index": 0.656,
      "tests": [
        {
          "topology": "distance",
          "delta_r2_aggregate_mean": -0.37541234212355273,
          "delta_r2_aggregate_std": 0.02107691419157083,
          "delta_r2_perstation_mean": -0.7015505179532562,
          "delta_r2_perstation_ci95_lo": -1.1421957994396923,
          "delta_r2_perstation_ci95_hi": -0.33572871829075823,
          "wilcoxon_r2_pvalue": 0.00390625,
          "wilcoxon_r2_stat": 0.0,
          "wilcoxon_rmse_pvalue": 0.00390625,
          "cohens_d": -1.1724682078585396,
          "n_stations_gcn_worse": 8,
          "n_stations_total": 8
        },
        {
          "topology": "correlation",
          "delta_r2_aggregate_mean": -0.4014441789565537,
          "delta_r2_aggregate_std": 0.004959483145816961,
          "delta_r2_perstation_mean": -0.8087616171082339,
          "delta_r2_perstation_ci95_lo": -1.29785571249289,
          "delta_r2_perstation_ci95_hi": -0.4176995840641484,
          "wilcoxon_r2_pvalue": 0.00390625,
          "wilcoxon_r2_stat": 0.0,
          "wilcoxon_rmse_pvalue": 0.00390625,
          "cohens_d": -1.2646574158195056,
          "n_stations_gcn_worse": 8,
          "n_stations_total": 8
        }
      ]
    },
    {
      "city": "madrid",
      "n_stations": 7,
      "h_index": 0.728,
      "tests": [
        {
          "topology": "distance",
          "delta_r2_aggregate_mean": -0.3212971941806523,
          "delta_r2_aggregate_std": 0.004984681989976471,
          "delta_r2_perstation_mean": -0.2908609459316805,
          "delta_r2_perstation_ci95_lo": -0.39064201910293256,
          "delta_r2_perstation_ci95_hi": -0.22057476238329274,
          "wilcoxon_r2_pvalue": 0.0078125,
          "wilcoxon_r2_stat": 0.0,
          "wilcoxon_rmse_pvalue": 0.0078125,
          "cohens_d": -2.4202670209029997,
          "n_stations_gcn_worse": 7,
          "n_stations_total": 7
        },
        {
          "topology": "correlation",
          "delta_r2_aggregate_mean": -0.37953787660453103,
          "delta_r2_aggregate_std": 0.014281135363188055,
          "delta_r2_perstation_mean": -0.3987773354324085,
          "delta_r2_perstation_ci95_lo": -0.536426770692032,
          "delta_r2_perstation_ci95_hi": -0.2671442491194707,
          "wilcoxon_r2_pvalue": 0.0078125,
          "wilcoxon_r2_stat": 0.0,
          "wilcoxon_rmse_pvalue": 0.0078125,
          "cohens_d": -2.1671733053422546,
          "n_stations_gcn_worse": 7,
          "n_stations_total": 7
        }
      ]
    }
  ],
  "holm_bonferroni": [
    {
      "city": "beijing",
      "topology": "correlation",
      "pvalue_raw": 0.000244140625,
      "pvalue_corrected": 0.00146484375,
      "significant_005": true
    },
    {
      "city": "beijing",
      "topology": "distance",
      "pvalue_raw": 0.00048828125,
      "pvalue_corrected": 0.00244140625,
      "significant_005": true
    },
    {
      "city": "london",
      "topology": "distance",
      "pvalue_raw": 0.00390625,
      "pvalue_corrected": 0.015625,
      "significant_005": true
    },
    {
      "city": "london",
      "topology": "correlation",
      "pvalue_raw": 0.00390625,
      "pvalue_corrected": 0.01171875,
      "significant_005": true
    },
    {
      "city": "madrid",
      "topology": "distance",
      "pvalue_raw": 0.0078125,
      "pvalue_corrected": 0.015625,
      "significant_005": true
    },
    {
      "city": "madrid",
      "topology": "correlation",
      "pvalue_raw": 0.0078125,
      "pvalue_corrected": 0.0078125,
      "significant_005": true
    }
  ]
}