{
  "city": "madrid",
  "n_stations": 7,
  "station_names": [
    "CASA DE CAMPO",
    "CASTELLANA",
    "CUATRO CAMINOS-PABLO",
    "ESCUELAS AGUIRRE",
    "MENDEZ ALVARO",
    "PLAZA CASTILLA-CANAL",
    "PLAZA EL\u00cdPTICA"
  ],
  "features": [
    "PM2.5",
    "TEMP",
    "PRES",
    "DEWP",
    "WSPM"
  ],
  "seeds": [
    42,
    123,
    777
  ],
  "config": {
    "seq_len": 24,
    "batch_size": 64,
    "d_model": 64,
    "n_heads": 4,
    "n_layers": 2,
    "max_epochs": 50,
    "patience": 8,
    "k_neighbors": 5
  },
  "graphs": {
    "distance": {
      "Linear+Transformer": {
        "MAE": [
          2.877854546115567,
          2.8882550045278435,
          2.847703694932312
        ],
        "RMSE": [
          4.625927839855612,
          4.601419131361106,
          4.631205503673312
        ],
        "R2": [
          0.813484875278712,
          0.8154559978226508,
          0.813059046911424
        ],
        "MAE_mean": 2.871271081858574,
        "MAE_std": 0.017197067166535362,
        "RMSE_mean": 4.619517491630011,
        "RMSE_std": 0.012977581108985625,
        "R2_mean": 0.8139999733375957,
        "R2_std": 0.0010441385365958752
      },
      "GCN1+Transformer": {
        "MAE": [
          4.711253972528061,
          4.511018166944426,
          4.482031109543622
        ],
        "RMSE": [
          7.516999030779597,
          7.2557796218490305,
          7.2263520525098155
        ],
        "R2": [
          0.5075010196377958,
          0.5411354425237661,
          0.5448499670542124
        ],
        "MAE_mean": 4.56810108300537,
        "MAE_std": 0.10191376978672124,
        "RMSE_mean": 7.33304356837948,
        "RMSE_std": 0.13062976835171458,
        "R2_mean": 0.5311621430719248,
        "R2_std": 0.016799523698518695
      },
      "GCN+Transformer": {
        "MAE": [
          4.88504023508822,
          4.854593954500947,
          4.860410194161493
        ],
        "RMSE": [
          7.684414046305536,
          7.602615659238468,
          7.599955505136211
        ],
        "R2": [
          0.48531932536482036,
          0.49621826373647304,
          0.49657074836953663
        ],
        "MAE_mean": 4.86668146125022,
        "MAE_std": 0.01319698434171867,
        "RMSE_mean": 7.628995070226739,
        "RMSE_std": 0.03920217925216814,
        "R2_mean": 0.4927027791569434,
        "R2_std": 0.005222873013929397
      },
      "GAT+Transformer": {
        "MAE": [
          5.972491220234881,
          5.599571978035638,
          5.667627533262856
        ],
        "RMSE": [
          8.967534410571256,
          8.50731319025077,
          8.597924296215785
        ],
        "R2": [
          0.29908968576163275,
          0.36918619384939544,
          0.35567707922374725
        ],
        "MAE_mean": 5.746563577177792,
        "MAE_std": 0.162152941328693,
        "RMSE_mean": 8.69092396567927,
        "RMSE_std": 0.19906045446640483,
        "R2_mean": 0.34131765294492517,
        "R2_std": 0.030364726836875928
      },
      "per_station": {
        "Linear+Transformer": {
          "CASA DE CAMPO": {
            "MAE": 2.3222037712057237,
            "RMSE": 3.565618215371027,
            "R2": 0.6480983789669453
          },
          "CASTELLANA": {
            "MAE": 3.093840701065708,
            "RMSE": 5.030314605968155,
            "R2": 0.8921518521657353
          },
          "CUATRO CAMINOS-PABLO": {
            "MAE": 2.5650744047906993,
            "RMSE": 4.029038921385193,
            "R2": 0.8282500831230457
          },
          "ESCUELAS AGUIRRE": {
            "MAE": 3.1928506637648124,
            "RMSE": 5.2548437965844865,
            "R2": 0.7489130506380569
          },
          "MENDEZ ALVARO": {
            "MAE": 2.869382965176354,
            "RMSE": 4.525334869725106,
            "R2": 0.7928174001790561
          },
          "PLAZA CASTILLA-CANAL": {
            "MAE": 2.87641142891078,
            "RMSE": 4.546123127236333,
            "R2": 0.7666744878735113
          },
          "PLAZA EL\u00cdPTICA": {
            "MAE": 3.225217887894894,
            "RMSE": 5.17535807808252,
            "R2": 0.7365791537584051
          }
        },
        "GCN1+Transformer": {
          "CASA DE CAMPO": {
            "MAE": 2.8408762897394397,
            "RMSE": 3.957786881151965,
            "R2": 0.5664328225197894
          },
          "CASTELLANA": {
            "MAE": 7.487133222724207,
            "RMSE": 12.722980912487545,
            "R2": 0.3100777563696616
          },
          "CUATRO CAMINOS-PABLO": {
            "MAE": 4.570938809198358,
            "RMSE": 6.79949364340549,
            "R2": 0.5108447104561636
          },
          "ESCUELAS AGUIRRE": {
            "MAE": 5.212182434741161,
            "RMSE": 7.334539704835452,
            "R2": 0.5108407772619835
          },
          "MENDEZ ALVARO": {
            "MAE": 3.8568135672236017,
            "RMSE": 5.898033568295062,
            "R2": 0.648061876262091
          },
          "PLAZA CASTILLA-CANAL": {
            "MAE": 4.022513202396154,
            "RMSE": 5.783349375940366,
            "R2": 0.6223941638482453
          },
          "PLAZA EL\u00cdPTICA": {
            "MAE": 4.9883202816735075,
            "RMSE": 7.052381458741734,
            "R2": 0.51085127780426
          }
        },
        "GCN+Transformer": {
          "CASA DE CAMPO": {
            "MAE": 3.3732432281377753,
            "RMSE": 4.644025807597535,
            "R2": 0.40304604071089634
          },
          "CASTELLANA": {
            "MAE": 7.30445568291025,
            "RMSE": 12.611291521855131,
            "R2": 0.3221376299102078
          },
          "CUATRO CAMINOS-PABLO": {
            "MAE": 4.277375542515286,
            "RMSE": 6.5204766458665615,
            "R2": 0.5501659796295151
          },
          "ESCUELAS AGUIRRE": {
            "MAE": 5.618994848154756,
            "RMSE": 7.744780875768439,
            "R2": 0.45459038754212844
          },
          "MENDEZ ALVARO": {
            "MAE": 4.007757244513967,
            "RMSE": 6.052873655434468,
            "R2": 0.6293405713602958
          },
          "PLAZA CASTILLA-CANAL": {
            "MAE": 4.537337352929407,
            "RMSE": 6.4879084931026325,
            "R2": 0.5247859509420483
          },
          "PLAZA EL\u00cdPTICA": {
            "MAE": 5.076117746456099,
            "RMSE": 7.17714445222276,
            "R2": 0.49339122508790056
          }
        },
        "GAT+Transformer": {
          "CASA DE CAMPO": {
            "MAE": 4.8081291938002995,
            "RMSE": 6.811265758441433,
            "R2": -0.2841248173273967
          },
          "CASTELLANA": {
            "MAE": 7.930944093158646,
            "RMSE": 12.986716400976684,
            "R2": 0.2811784158503663
          },
          "CUATRO CAMINOS-PABLO": {
            "MAE": 5.106473208182439,
            "RMSE": 7.698244707156736,
            "R2": 0.372986294209697
          },
          "ESCUELAS AGUIRRE": {
            "MAE": 6.205049633568793,
            "RMSE": 8.765223681117916,
            "R2": 0.30139687309117624
          },
          "MENDEZ ALVARO": {
            "MAE": 5.1924522333372485,
            "RMSE": 7.741938751014786,
            "R2": 0.39361102485049115
          },
          "PLAZA CASTILLA-CANAL": {
            "MAE": 5.247834658347011,
            "RMSE": 7.658629085825893,
            "R2": 0.3378110744972994
          },
          "PLAZA EL\u00cdPTICA": {
            "MAE": 7.31655552124972,
            "RMSE": 9.653198271657095,
            "R2": 0.08354364659871938
          }
        }
      },
      "dirichlet": {
        "GCN1+Transformer": [
          0.11226727813482285
        ],
        "GCN+Transformer": [
          0.07424139976501465,
          0.012939168140292168
        ],