{
  "city": "beijing",
  "n_stations": 12,
  "station_names": [
    "Aotizhongxin",
    "Changping",
    "Dingling",
    "Dongsi",
    "Guanyuan",
    "Gucheng",
    "Huairou",
    "Nongzhanguan",
    "Shunyi",
    "Tiantan",
    "Wanliu",
    "Wanshouxigong"
  ],
  "features": [
    "PM2.5",
    "TEMP",
    "PRES",
    "DEWP",
    "WSPM"
  ],
  "seeds": [
    42,
    123,
    777
  ],
  "config": {
    "seq_len": 24,
    "batch_size": 64,
    "d_model": 64,
    "n_heads": 4,
    "n_layers": 2,
    "max_epochs": 50,
    "patience": 8,
    "k_neighbors": 5
  },
  "graphs": {
    "distance": {
      "Linear+Transformer": {
        "MAE": [
          11.09066073164953,
          10.79896164060472,
          11.7925074740007
        ],
        "RMSE": [
          20.79787625721049,
          20.759520820500377,
          21.00789164130595
        ],
        "R2": [
          0.9495490396778259,
          0.9497349513800817,
          0.948524995314276
        ],
        "MAE_mean": 11.227376615418317,
        "MAE_std": 0.4169746238646814,
        "RMSE_mean": 20.855096239672275,
        "RMSE_std": 0.10917145827123938,
        "R2_mean": 0.9492696621240612,
        "R2_std": 0.0005320008041695853
      },
      "GCN1+Transformer": {
        "MAE": [
          12.300942951432441,
          12.126739486293715,
          12.25196572841481
        ],
        "RMSE": [
          22.42919435190491,
          22.335284742332192,
          22.500553369142843
        ],
        "R2": [
          0.9413242288777798,
          0.9418145437061712,
          0.940950278223151
        ],
        "MAE_mean": 12.226549388713655,
        "MAE_std": 0.07335395721858132,
        "RMSE_mean": 22.421677487793318,
        "RMSE_std": 0.06767967290368004,
        "R2_mean": 0.9413630169357007,
        "R2_std": 0.00035389931841602984
      },
      "GCN+Transformer": {
        "MAE": [
          13.07869309718123,
          13.07576803302199,
          13.299562422807941
        ],
        "RMSE": [
          24.073290270720307,
          24.070702982853685,
          24.2438261444258
        ],
        "R2": [
          0.9324069003581917,
          0.932421428775936,
          0.9314458454178006
        ],
        "MAE_mean": 13.151341184337054,
        "MAE_std": 0.10481504551817837,
        "RMSE_mean": 24.129273132666597,
        "RMSE_std": 0.08100809791600741,
        "R2_mean": 0.9320913915173095,
        "R2_std": 0.0004565085568192915
      },
      "GAT+Transformer": {
        "MAE": [
          18.165438252312153,
          18.08082670598914,
          18.4199399898611
        ],
        "RMSE": [
          32.983490990227466,
          32.99176750737402,
          33.06964720294585
        ],
        "R2": [
          0.8731107890103336,
          0.8730471006340041,
          0.8724470283438064
        ],
        "MAE_mean": 18.22206831605413,
        "MAE_std": 0.14411726224194754,
        "RMSE_mean": 33.01496856684911,
        "RMSE_std": 0.03881099601976223,
        "R2_mean": 0.872868305996048,
        "R2_std": 0.00029902084378690075
      },
      "per_station": {
        "Linear+Transformer": {
          "Aotizhongxin": {
            "MAE": 11.457247189269998,
            "RMSE": 20.46638961532985,
            "R2": 0.9516812708959363
          },
          "Changping": {
            "MAE": 10.617942189131284,
            "RMSE": 19.36137082861656,
            "R2": 0.9424312640052158
          },
          "Dingling": {
            "MAE": 9.318593729230157,
            "RMSE": 17.503482018726842,
            "R2": 0.9479688161484422
          },
          "Dongsi": {
            "MAE": 12.015307610373148,
            "RMSE": 22.924140773415946,
            "R2": 0.948953240451891
          },
          "Guanyuan": {
            "MAE": 11.844772438008441,
            "RMSE": 21.052733169742325,
            "R2": 0.9505137869654181
          },
          "Gucheng": {
            "MAE": 11.27908372832271,
            "RMSE": 21.959474516402523,
            "R2": 0.9517708185980875
          },
          "Huairou": {
            "MAE": 9.37534306790747,
            "RMSE": 18.971615230749887,
            "R2": 0.938409963685503
          },
          "Nongzhanguan": {
            "MAE": 11.396702679566046,
            "RMSE": 20.945267690199714,
            "R2": 0.9548772818864216
          },
          "Shunyi": {
            "MAE": 11.564730569424873,
            "RMSE": 20.86572458993108,
            "R2": 0.9478580949292164
          },
          "Tiantan": {
            "MAE": 11.404697519962461,
            "RMSE": 20.06218373652886,
            "R2": 0.9544165168550627
          },
          "Wanliu": {
            "MAE": 10.795517827622652,
            "RMSE": 19.968992817188692,
            "R2": 0.9516541450783423
          },
          "Wanshouxigong": {
            "MAE": 12.017990230975123,
            "RMSE": 24.58257743584327,
            "R2": 0.9428718730582549
          }
        },
        "GCN1+Transformer": {
          "Aotizhongxin": {
            "MAE": 11.984919883832617,
            "RMSE": 20.925090350560644,
            "R2": 0.9494911231193085
          },
          "Changping": {
            "MAE": 11.742227658499484,
            "RMSE": 20.559016165573713,
            "R2": 0.9350888738428149
          },
          "Dingling": {
            "MAE": 11.529858486688417,
            "RMSE": 22.227853042393974,
            "R2": 0.9160907507239601
          },
          "Dongsi": {
            "MAE": 15.198728865373912,
            "RMSE": 26.29511700923872,
            "R2": 0.9328366638750794
          },
          "Guanyuan": {
            "MAE": 12.933479072600491,
            "RMSE": 23.235945429280616,
            "R2": 0.9397179595686501
          },
          "Gucheng": {
            "MAE": 13.58583848953002,
            "RMSE": 25.022167740085642,
            "R2": 0.9373795958533081
          },
          "Huairou": {
            "MAE": 9.433287915680442,
            "RMSE": 18.965885471886658,
            "R2": 0.93844716059908
          },
          "Nongzhanguan": {
            "MAE": 12.920793369126587,
            "RMSE": 22.30299323449658,
            "R2": 0.9488377391333854
          },
          "Shunyi": {
            "MAE": 11.22807953143664,
            "RMSE": 20.301003694159288,
            "R2": 0.9506422932281652
          },
          "Tiantan": {
            "MAE": 11.878394402909706,
            "RMSE": 20.90994169892302,
            "R2": 0.9504827241402375
          },
          "Wanliu": {
            "MAE": 11.190598673989697,
            "RMSE": 19.831553976926404,
            "R2": 0.9523173464921546
          },
          "Wanshouxigong": {
            "MAE": 13.985109067521277,
            "RMSE": 26.92561283775034,
            "R2": 0.9314628017312546
          }
        },
        "GCN+Transformer": {
          "Aotizhongxin": {
            "MAE": 12.77755933726137,
            "RMSE": 22.772723868044423,
            "R2": 0.9401777162981568
          },
          "Changping": {
            "MAE": 12.351762006963398,
            "RMSE": 21.947403403859255,
            "R2": 0.9260257142899846
          },
          "Dingling": {
            "MAE": 13.195314652871437,
            "RMSE": 26.61422747072006,
            "R2": 0.8797063975913609
          },
          "Dongsi": {
            "MAE": 14.765982522559788,
            "RMSE": 25.61286512963439,
            "R2": 0.9362766835948405
          },
          "Guanyuan": {
            "MAE": 13.268487786792221,
            "RMSE": 25.089182790897933,
            "R2": 0.9297186201510368
          },
          "Gucheng": {
            "MAE": 15.97186639937815,
            "RMSE": 29.459562705250693,
            "R2": 0.9132002257226085
          },
          "Huairou": {
            "MAE": 9.9175812862315,
            "RMSE": 19.32069755847452,
            "R2": 0.9361225679602594
          },