city,r_bar,moran_I,cv,h
Beijing,0.8846990145070645,0.1295830264947105,1.0,0.6619059863327417
London,0.5337610583707484,-0.14285714285714288,1.0,0.8696986948287981
