city,n_stations,r_bar,moran_I,cv_raw,cv_normalized,h
Beijing,12,0.8846990145070645,0.1295830264947105,1.0104517761169602,0.5052258880584801,0.49698128235223504
London,8,0.5337610583707484,-0.14285714285714288,0.7186827370302478,0.3593413685151239,0.6561458176671727
Madrid,7,0.39058261631222696,-0.16666666666666666,0.8146077995975328,0.4073038997987664,0.727795983384402
