city,model,variant,topology,k,keep_frac,seed,checkpoint_id,split_hash,n_stations,station,split,rmse,mae,r2,run_id,config_path,git_commit,timestamp,provenance_note
beijing,Linear-Transformer,,distance,,,42,no_checkpoint_saved,9bc15d5d352eaa4f,12,Aotizhongxin,test,20.46638961532985,11.457247189269998,0.9516812708959363,migrated_06_train_multistation_beijing,06_train_multistation.py,migration_pre_P3,2026-08-15T13:09:01,
beijing,Linear-Transformer,,distance,,,42,no_checkpoint_saved,9bc15d5d352eaa4f,12,Changping,test,19.36137082861656,10.617942189131284,0.9424312640052158,migrated_06_train_multistation_beijing,06_train_multistation.py,migration_pre_P3,2026-08-15T13:09:01,
beijing,Linear-Transformer,,distance,,,42,no_checkpoint_saved,9bc15d5d352eaa4f,12,Dingling,test,17.503482018726842,9.318593729230157,0.9479688161484422,migrated_06_train_multistation_beijing,06_train_multistation.py,migration_pre_P3,2026-08-15T13:09:01,
beijing,Linear-Transformer,,distance,,,42,no_checkpoint_saved,9bc15d5d352eaa4f,12,Dongsi,test,22.924140773415946,12.015307610373148,0.948953240451891,migrated_06_train_multistation_beijing,06_train_multistation.py,migration_pre_P3,2026-08-15T13:09:01,
beijing,Linear-Transformer,,distance,,,42,no_checkpoint_saved,9bc15d5d352eaa4f,12,Guanyuan,test,21.052733169742325,11.844772438008441,0.9505137869654181,migrated_06_train_multistation_beijing,06_train_multistation.py,migration_pre_P3,2026-08-15T13:09:01,
beijing,Linear-Transformer,,distance,,,42,no_checkpoint_saved,9bc15d5d352eaa4f,12,Gucheng,test,21.959474516402523,11.27908372832271,0.9517708185980875,migrated_06_train_multistation_beijing,06_train_multistation.py,migration_pre_P3,2026-08-15T13:09:01,
beijing,Linear-Transformer,,distance,,,42,no_checkpoint_saved,9bc15d5d352eaa4f,12,Huairou,test,18.971615230749887,9.37534306790747,0.938409963685503,migrated_06_train_multistation_beijing,06_train_multistation.py,migration_pre_P3,2026-08-15T13:09:01,
beijing,Linear-Transformer,,distance,,,42,no_checkpoint_saved,9bc15d5d352eaa4f,12,Nongzhanguan,test,20.945267690199714,11.396702679566046,0.9548772818864216,migrated_06_train_multistation_beijing,06_train_multistation.py,migration_pre_P3,2026-08-15T13:09:01,
beijing,Linear-Transformer,,distance,,,42,no_checkpoint_saved,9bc15d5d352eaa4f,12,Shunyi,test,20.86572458993108,11.564730569424873,0.9478580949292164,migrated_06_train_multistation_beijing,06_train_multistation.py,migration_pre_P3,2026-08-15T13:09:01,
beijing,Linear-Transformer,,distance,,,42,no_checkpoint_saved,9bc15d5d352eaa4f,12,Tiantan,test,20.06218373652886,11.404697519962461,0.9544165168550627,migrated_06_train_multistation_beijing,06_train_multistation.py,migration_pre_P3,2026-08-15T13:09:01,
beijing,Linear-Transformer,,distance,,,42,no_checkpoint_saved,9bc15d5d352eaa4f,12,Wanliu,test,19.968992817188692,10.795517827622652,0.9516541450783423,migrated_06_train_multistation_beijing,06_train_multistation.py,migration_pre_P3,2026-08-15T13:09:01,
beijing,Linear-Transformer,,distance,,,42,no_checkpoint_saved,9bc15d5d352eaa4f,12,Wanshouxigong,test,24.58257743584327,12.017990230975123,0.9428718730582549,migrated_06_train_multistation_beijing,06_train_multistation.py,migration_pre_P3,2026-08-15T13:09:01,
beijing,Linear-Transformer,,distance,,,42,no_checkpoint_saved,9bc15d5d352eaa4f,12,__aggregate__,test,20.79787625721049,11.09066073164953,0.9495490396778259,migrated_06_train_multistation_beijing,06_train_multistation.py,migration_pre_P3,2026-08-15T13:09:01,
beijing,Linear-Transformer,,distance,,,123,no_checkpoint_saved,9bc15d5d352eaa4f,12,Aotizhongxin,test,20.361050381621897,11.048202543849074,0.9521773778695704,migrated_06_train_multistation_beijing,06_train_multistation.py,migration_pre_P3,2026-08-15T13:09:01,
beijing,Linear-Transformer,,distance,,,123,no_checkpoint_saved,9bc15d5d352eaa4f,12,Changping,test,19.30929906494409,10.472146839305323,0.9427405060033477,migrated_06_train_multistation_beijing,06_train_multistation.py,migration_pre_P3,2026-08-15T13:09:01,
beijing,Linear-Transformer,,distance,,,123,no_checkpoint_saved,9bc15d5d352eaa4f,12,Dingling,test,17.382271013962395,9.125104356751764,0.9486869492659014,migrated_06_train_multistation_beijing,06_train_multistation.py,migration_pre_P3,2026-08-15T13:09:01,
beijing,Linear-Transformer,,distance,,,123,no_checkpoint_saved,9bc15d5d352eaa4f,12,Dongsi,test,22.938082548600537,11.822434872496762,0.9488911313534937,migrated_06_train_multistation_beijing,06_train_multistation.py,migration_pre_P3,2026-08-15T13:09:01,
beijing,Linear-Transformer,,distance,,,123,no_checkpoint_saved,9bc15d5d352eaa4f,12,Guanyuan,test,20.967394459171427,11.54409705412394,0.9509141654136184,migrated_06_train_multistation_beijing,06_train_multistation.py,migration_pre_P3,2026-08-15T13:09:01,
beijing,Linear-Transformer,,distance,,,123,no_checkpoint_saved,9bc15d5d352eaa4f,12,Gucheng,test,22.12440796973209,11.290940327650729,0.9510436173892222,migrated_06_train_multistation_beijing,06_train_multistation.py,migration_pre_P3,2026-08-15T13:09:01,
beijing,Linear-Transformer,,distance,,,123,no_checkpoint_saved,9bc15d5d352eaa4f,12,Huairou,test,18.76043645442592,8.935879672227424,0.9397734868920451,migrated_06_train_multistation_beijing,06_train_multistation.py,migration_pre_P3,2026-08-15T13:09:01,
beijing,Linear-Transformer,,distance,,,123,no_checkpoint_saved,9bc15d5d352eaa4f,12,Nongzhanguan,test,20.945075640795203,11.150765194084475,0.9548781093527059,migrated_06_train_multistation_beijing,06_train_multistation.py,migration_pre_P3,2026-08-15T13:09:01,
beijing,Linear-Transformer,,distance,,,123,no_checkpoint_saved,9bc15d5d352eaa4f,12,Shunyi,test,20.732050521589702,10.956712468144884,0.9485240381798642,migrated_06_train_multistation_beijing,06_train_multistation.py,migration_pre_P3,2026-08-15T13:09:01,
beijing,Linear-Transformer,,distance,,,123,no_checkpoint_saved,9bc15d5d352eaa4f,12,Tiantan,test,19.964545186973062,11.060376337039528,0.9548591281779244,migrated_06_train_multistation_beijing,06_train_multistation.py,migration_pre_P3,2026-08-15T13:09:01,
beijing,Linear-Transformer,,distance,,,123,no_checkpoint_saved,9bc15d5d352eaa4f,12,Wanliu,test,19.866547743448315,10.337798794196512,0.952148921183066,migrated_06_train_multistation_beijing,06_train_multistation.py,migration_pre_P3,2026-08-15T13:09:01,
beijing,Linear-Transformer,,distance,,,123,no_checkpoint_saved,9bc15d5d352eaa4f,12,Wanshouxigong,test,24.757224120604594,11.843081227386234,0.9420572571296596,migrated_06_train_multistation_beijing,06_train_multistation.py,migration_pre_P3,2026-08-15T13:09:01,
beijing,Linear-Transformer,,distance,,,123,no_checkpoint_saved,9bc15d5d352eaa4f,12,__aggregate__,test,20.759520820500377,10.79896164060472,0.9497349513800817,migrated_06_train_multistation_beijing,06_train_multistation.py,migration_pre_P3,2026-08-15T13:09:01,
beijing,Linear-Transformer,,distance,,,777,no_checkpoint_saved,9bc15d5d352eaa4f,12,Aotizhongxin,test,20.604909773184623,12.025202207505211,0.9510249980296073,migrated_06_train_multistation_beijing,06_train_multistation.py,migration_pre_P3,2026-08-15T13:09:01,
beijing,Linear-Transformer,,distance,,,777,no_checkpoint_saved,9bc15d5d352eaa4f,12,Changping,test,19.731437965472924,11.563920562772012,0.9402095309158782,migrated_06_train_multistation_beijing,06_train_multistation.py,migration_pre_P3,2026-08-15T13:09:01,
beijing,Linear-Transformer,,distance,,,777,no_checkpoint_saved,9bc15d5d352eaa4f,12,Dingling,test,17.935489470981974,10.473611859861109,0.9453687335195388,migrated_06_train_multistation_beijing,06_train_multistation.py,migration_pre_P3,2026-08-15T13:09:01,
beijing,Linear-Transformer,,distance,,,777,no_checkpoint_saved,9bc15d5d352eaa4f,12,Dongsi,test,23.089270782637126,12.59107321285745,0.9482151790663788,migrated_06_train_multistation_beijing,06_train_multistation.py,migration_pre_P3,2026-08-15T13:09:01,
beijing,Linear-Transformer,,distance,,,777,no_checkpoint_saved,9bc15d5d352eaa4f,12,Guanyuan,test,21.200870945444738,12.291635940617008,0.9498149162759276,migrated_06_train_multistation_beijing,06_train_multistation.py,migration_pre_P3,2026-08-15T13:09:01,
beijing,Linear-Transformer,,distance,,,777,no_checkpoint_saved,9bc15d5d352eaa4f,12,Gucheng,test,22.19322540528919,11.965261020909784,0.9507385884466629,migrated_06_train_multistation_beijing,06_train_multistation.py,migration_pre_P3,2026-08-15T13:09:01,
beijing,Linear-Transformer,,distance,,,777,no_checkpoint_saved,9bc15d5d352eaa4f,12,Huairou,test,19.241547462261835,10.44663183963109,0.9366448626388306,migrated_06_train_multistation_beijing,06_train_multistation.py,migration_pre_P3,2026-08-15T13:09:01,
beijing,Linear-Transformer,,distance,,,777,no_checkpoint_saved,9bc15d5d352eaa4f,12,Nongzhanguan,test,21.113708534573927,11.927017986574793,0.9541486141685507,migrated_06_train_multistation_beijing,06_train_multistation.py,migration_pre_P3,2026-08-15T13:09:01,
beijing,Linear-Transformer,,distance,,,777,no_checkpoint_saved,9bc15d5d352eaa4f,12,Shunyi,test,21.004830407034287,12.159944994861103,0.9471605471470003,migrated_06_train_multistation_beijing,06_train_multistation.py,migration_pre_P3,2026-08-15T13:09:01,
beijing,Linear-Transformer,,distance,,,777,no_checkpoint_saved,9bc15d5d352eaa4f,12,Tiantan,test,20.28577440075031,11.881962941971956,0.9533948099506103,migrated_06_train_multistation_beijing,06_train_multistation.py,migration_pre_P3,2026-08-15T13:09:01,
beijing,Linear-Transformer,,distance,,,777,no_checkpoint_saved,9bc15d5d352eaa4f,12,Wanliu,test,20.206162976860902,11.563463362053227,0.9504989255056254,migrated_06_train_multistation_beijing,06_train_multistation.py,migration_pre_P3,2026-08-15T13:09:01,
beijing,Linear-Transformer,,distance,,,777,no_checkpoint_saved,9bc15d5d352eaa4f,12,Wanshouxigong,test,24.66259091205815,12.62036375839366,0.9424993767964832,migrated_06_train_multistation_beijing,06_train_multistation.py,migration_pre_P3,2026-08-15T13:09:01,
beijing,Linear-Transformer,,distance,,,777,no_checkpoint_saved,9bc15d5d352eaa4f,12,__aggregate__,test,21.00789164130595,11.7925074740007,0.948524995314276,migrated_06_train_multistation_beijing,06_train_multistation.py,migration_pre_P3,2026-08-15T13:09:01,
beijing,GCN-Transformer,,distance,5,,42,no_checkpoint_saved,9bc15d5d352eaa4f,12,Aotizhongxin,test,22.772723868044423,12.77755933726137,0.9401777162981568,migrated_06_train_multistation_beijing,06_train_multistation.py,migration_pre_P3,2026-08-15T13:09:01,
beijing,GCN-Transformer,,distance,5,,42,no_checkpoint_saved,9bc15d5d352eaa4f,12,Changping,test,21.947403403859255,12.351762006963398,0.9260257142899846,migrated_06_train_multistation_beijing,06_train_multistation.py,migration_pre_P3,2026-08-15T13:09:01,
beijing,GCN-Transformer,,distance,5,,42,no_checkpoint_saved,9bc15d5d352eaa4f,12,Dingling,test,26.61422747072006,13.195314652871437,0.8797063975913609,migrated_06_train_multistation_beijing,06_train_multistation.py,migration_pre_P3,2026-08-15T13:09:01,
beijing,GCN-Transformer,,distance,5,,42,no_checkpoint_saved,9bc15d5d352eaa4f,12,Dongsi,test,25.61286512963439,14.765982522559788,0.9362766835948405,migrated_06_train_multistation_beijing,06_train_multistation.py,migration_pre_P3,2026-08-15T13:09:01,
beijing,GCN-Transformer,,distance,5,,42,no_checkpoint_saved,9bc15d5d352eaa4f,12,Guanyuan,test,25.089182790897933,13.268487786792221,0.9297186201510368,migrated_06_train_multistation_beijing,06_train_multistation.py,migration_pre_P3,2026-08-15T13:09:01,
beijing,GCN-Transformer,,distance,5,,42,no_checkpoint_saved,9bc15d5d352eaa4f,12,Gucheng,test,29.459562705250693,15.97186639937815,0.9132002257226085,migrated_06_train_multistation_beijing,06_train_multistation.py,migration_pre_P3,2026-08-15T13:09:01,
beijing,GCN-Transformer,,distance,5,,42,no_checkpoint_saved,9bc15d5d352eaa4f,12,Huairou,test,19.32069755847452,9.9175812862315,0.9361225679602594,migrated_06_train_multistation_beijing,06_train_multistation.py,migration_pre_P3,2026-08-15T13:09:01,
beijing,GCN-Transformer,,distance,5,,42,no_checkpoint_saved,9bc15d5d352eaa4f,12,Nongzhanguan,test,23.35036225992274,13.56301282572587,0.9439196561545917,migrated_06_train_multistation_beijing,06_train_multistation.py,migration_pre_P3,2026-08-15T13:09:01,
beijing,GCN-Transformer,,distance,5,,42,no_checkpoint_saved,9bc15d5d352eaa4f,12,Shunyi,test,20.489018417123685,11.775910733903237,0.949723821583976,migrated_06_train_multistation_beijing,06_train_multistation.py,migration_pre_P3,2026-08-15T13:09:01,
beijing,GCN-Transformer,,distance,5,,42,no_checkpoint_saved,9bc15d5d352eaa4f,12,Tiantan,test,22.449624343082455,12.659764872059476,0.9429219329897182,migrated_06_train_multistation_beijing,06_train_multistation.py,migration_pre_P3,2026-08-15T13:09:01,
beijing,GCN-Transformer,,distance,5,,42,no_checkpoint_saved,9bc15d5d352eaa4f,12,Wanliu,test,22.74012790463966,12.754276402727614,0.9373050256361,migrated_06_train_multistation_beijing,06_train_multistation.py,migration_pre_P3,2026-08-15T13:09:01,
beijing,GCN-Transformer,,distance,5,,42,no_checkpoint_saved,9bc15d5d352eaa4f,12,Wanshouxigong,test,27.07208147277929,13.942798339700696,0.9307151230398379,migrated_06_train_multistation_beijing,06_train_multistation.py,migration_pre_P3,2026-08-15T13:09:01,
beijing,GCN-Transformer,,distance,5,,42,no_checkpoint_saved,9bc15d5d352eaa4f,12,__aggregate__,test,24.073290270720307,13.07869309718123,0.9324069003581917,migrated_06_train_multistation_beijing,06_train_multistation.py,migration_pre_P3,2026-08-15T13:09:01,
beijing,GCN-Transformer,,distance,5,,123,no_checkpoint_saved,9bc15d5d352eaa4f,12,Aotizhongxin,test,22.562337462662377,12.551616639742704,0.941277949911235,migrated_06_train_multistation_beijing,06_train_multistation.py,migration_pre_P3,2026-08-15T13:09:01,
beijing,GCN-Transformer,,distance,5,,123,no_checkpoint_saved,9bc15d5d352eaa4f,12,Changping,test,22.310310282240284,12.55141531389587,0.9235591146576188,migrated_06_train_multistation_beijing,06_train_multistation.py,migration_pre_P3,2026-08-15T13:09:01,
beijing,GCN-Transformer,,distance,5,,123,no_checkpoint_saved,9bc15d5d352eaa4f,12,Dingling,test,26.77349268445132,13.582745624277974,0.8782623646317249,migrated_06_train_multistation_beijing,06_train_multistation.py,migration_pre_P3,2026-08-15T13:09:01,
beijing,GCN-Transformer,,distance,5,,123,no_checkpoint_saved,9bc15d5d352eaa4f,12,Dongsi,test,25.29587936086829,14.330471259722925,0.9378442075849861,migrated_06_train_multistation_beijing,06_train_multistation.py,migration_pre_P3,2026-08-15T13:09:01,
beijing,GCN-Transformer,,distance,5,,123,no_checkpoint_saved,9bc15d5d352eaa4f,12,Guanyuan,test,24.250027291789298,13.001084982691397,0.934341385884011,migrated_06_train_multistation_beijing,06_train_multistation.py,migration_pre_P3,2026-08-15T13:09:01,
beijing,GCN-Transformer,,distance,5,,123,no_checkpoint_saved,9bc15d5d352eaa4f,12,Gucheng,test,30.004518451149472,16.12458796038619,0.9099592039205256,migrated_06_train_multistation_beijing,06_train_multistation.py,migration_pre_P3,2026-08-15T13:09:01,
beijing,GCN-Transformer,,distance,5,,123,no_checkpoint_saved,9bc15d5d352eaa4f,12,Huairou,test,19.74911612289531,10.315391057203078,0.933258314371671,migrated_06_train_multistation_beijing,06_train_multistation.py,migration_pre_P3,2026-08-15T13:09:01,
beijing,GCN-Transformer,,distance,5,,123,no_checkpoint_saved,9bc15d5d352eaa4f,12,Nongzhanguan,test,22.96146149019744,13.250260561879214,0.9457721386330966,migrated_06_train_multistation_beijing,06_train_multistation.py,migration_pre_P3,2026-08-15T13:09:01,
beijing,GCN-Transformer,,distance,5,,123,no_checkpoint_saved,9bc15d5d352eaa4f,12,Shunyi,test,20.317305520623368,11.53779583432445,0.950562992338395,migrated_06_train_multistation_beijing,06_train_multistation.py,migration_pre_P3,2026-08-15T13:09:01,
beijing,GCN-Transformer,,distance,5,,123,no_checkpoint_saved,9bc15d5d352eaa4f,12,Tiantan,test,22.39493271741974,12.78458576322086,0.9431997006444317,migrated_06_train_multistation_beijing,06_train_multistation.py,migration_pre_P3,2026-08-15T13:09:01,
beijing,GCN-Transformer,,distance,5,,123,no_checkpoint_saved,9bc15d5d352eaa4f,12,Wanliu,test,23.007972550017428,13.04415693180311,0.9358194219866783,migrated_06_train_multistation_beijing,06_train_multistation.py,migration_pre_P3,2026-08-15T13:09:01,
beijing,GCN-Transformer,,distance,5,,123,no_checkpoint_saved,9bc15d5d352eaa4f,12,Wanshouxigong,test,27.202766344518835,13.835104467116123,0.9300445916959365,migrated_06_train_multistation_beijing,06_train_multistation.py,migration_pre_P3,2026-08-15T13:09:01,
beijing,GCN-Transformer,,distance,5,,123,no_checkpoint_saved,9bc15d5d352eaa4f,12,__aggregate__,test,24.070702982853685,13.07576803302199,0.932421428775936,migrated_06_train_multistation_beijing,06_train_multistation.py,migration_pre_P3,2026-08-15T13:09:01,
beijing,GCN-Transformer,,distance,5,,777,no_checkpoint_saved,9bc15d5d352eaa4f,12,Aotizhongxin,test,21.92618570974902,12.677103094359822,0.9445426383808054,migrated_06_train_multistation_beijing,06_train_multistation.py,migration_pre_P3,2026-08-15T13:09:01,
beijing,GCN-Transformer,,distance,5,,777,no_checkpoint_saved,9bc15d5d352eaa4f,12,Changping,test,22.329908748865385,12.602333803047786,0.9234247568531834,migrated_06_train_multistation_beijing,06_train_multistation.py,migration_pre_P3,2026-08-15T13:09:01,
beijing,GCN-Transformer,,distance,5,,777,no_checkpoint_saved,9bc15d5d352eaa4f,12,Dingling,test,25.41194038840569,13.170732941545413,0.8903293398457814,migrated_06_train_multistation_beijing,06_train_multistation.py,migration_pre_P3,2026-08-15T13:09:01,
beijing,GCN-Transformer,,distance,5,,777,no_checkpoint_saved,9bc15d5d352eaa4f,12,Dongsi,test,27.072502972683385,15.480125032255533,0.9288067424847819,migrated_06_train_multistation_beijing,06_train_multistation.py,migration_pre_P3,2026-08-15T13:09:01,
beijing,GCN-Transformer,,distance,5,,777,no_checkpoint_saved,9bc15d5d352eaa4f,12,Guanyuan,test,24.278894892688974,13.286362667066125,0.9341849708164689,migrated_06_train_multistation_beijing,06_train_multistation.py,migration_pre_P3,2026-08-15T13:09:01,
beijing,GCN-Transformer,,distance,5,,777,no_checkpoint_saved,9bc15d5d352eaa4f,12,Gucheng,test,30.577505911566764,16.611905018703002,0.9064874022886887,migrated_06_train_multistation_beijing,06_train_multistation.py,migration_pre_P3,2026-08-15T13:09:01,
beijing,GCN-Transformer,,distance,5,,777,no_checkpoint_saved,9bc15d5d352eaa4f,12,Huairou,test,18.9244796289506,10.033937680431187,0.938715628436569,migrated_06_train_multistation_beijing,06_train_multistation.py,migration_pre_P3,2026-08-15T13:09:01,
beijing,GCN-Transformer,,distance,5,,777,no_checkpoint_saved,9bc15d5d352eaa4f,12,Nongzhanguan,test,23.84779634447551,13.865250100348499,0.9415048403035085,migrated_06_train_multistation_beijing,06_train_multistation.py,migration_pre_P3,2026-08-15T13:09:01,
beijing,GCN-Transformer,,distance,5,,777,no_checkpoint_saved,9bc15d5d352eaa4f,12,Shunyi,test,21.27997028148991,12.086867393735332,0.9457672049951111,migrated_06_train_multistation_beijing,06_train_multistation.py,migration_pre_P3,2026-08-15T13:09:01,
beijing,GCN-Transformer,,distance,5,,777,no_checkpoint_saved,9bc15d5d352eaa4f,12,Tiantan,test,21.722771822680283,12.253284521999102,0.9465581379911869,migrated_06_train_multistation_beijing,06_train_multistation.py,migration_pre_P3,2026-08-15T13:09:01,
beijing,GCN-Transformer,,distance,5,,777,no_checkpoint_saved,9bc15d5d352eaa4f,12,Wanliu,test,22.027248699740927,12.826299525834141,0.9411742553510368,migrated_06_train_multistation_beijing,06_train_multistation.py,migration_pre_P3,2026-08-15T13:09:01,
beijing,GCN-Transformer,,distance,5,,777,no_checkpoint_saved,9bc15d5d352eaa4f,12,Wanshouxigong,test,28.876809668226613,14.70054729436935,0.9211696283504202,migrated_06_train_multistation_beijing,06_train_multistation.py,migration_pre_P3,2026-08-15T13:09:01,
beijing,GCN-Transformer,,distance,5,,777,no_checkpoint_saved,9bc15d5d352eaa4f,12,__aggregate__,test,24.2438261444258,13.299562422807941,0.9314458454178006,migrated_06_train_multistation_beijing,06_train_multistation.py,migration_pre_P3,2026-08-15T13:09:01,
beijing,Linear-Transformer,,correlation,,,42,no_checkpoint_saved,9bc15d5d352eaa4f,12,Aotizhongxin,test,20.46638961532985,11.457247189269998,0.9516812708959363,migrated_06_train_multistation_beijing,06_train_multistation.py,migration_pre_P3,2026-08-15T13:09:01,
beijing,Linear-Transformer,,correlation,,,42,no_checkpoint_saved,9bc15d5d352eaa4f,12,Changping,test,19.36137082861656,10.617942189131284,0.9424312640052158,migrated_06_train_multistation_beijing,06_train_multistation.py,migration_pre_P3,2026-08-15T13:09:01,
beijing,Linear-Transformer,,correlation,,,42,no_checkpoint_saved,9bc15d5d352eaa4f,12,Dingling,test,17.503482018726842,9.318593729230157,0.9479688161484422,migrated_06_train_multistation_beijing,06_train_multistation.py,migration_pre_P3,2026-08-15T13:09:01,
beijing,Linear-Transformer,,correlation,,,42,no_checkpoint_saved,9bc15d5d352eaa4f,12,Dongsi,test,22.924140773415946,12.015307610373148,0.948953240451891,migrated_06_train_multistation_beijing,06_train_multistation.py,migration_pre_P3,2026-08-15T13:09:01,
beijing,Linear-Transformer,,correlation,,,42,no_checkpoint_saved,9bc15d5d352eaa4f,12,Guanyuan,test,21.052733169742325,11.844772438008441,0.9505137869654181,migrated_06_train_multistation_beijing,06_train_multistation.py,migration_pre_P3,2026-08-15T13:09:01,
beijing,Linear-Transformer,,correlation,,,42,no_checkpoint_saved,9bc15d5d352eaa4f,12,Gucheng,test,21.959474516402523,11.27908372832271,0.9517708185980875,migrated_06_train_multistation_beijing,06_train_multistation.py,migration_pre_P3,2026-08-15T13:09:01,
beijing,Linear-Transformer,,correlation,,,42,no_checkpoint_saved,9bc15d5d352eaa4f,12,Huairou,test,18.971615230749887,9.37534306790747,0.938409963685503,migrated_06_train_multistation_beijing,06_train_multistation.py,migration_pre_P3,2026-08-15T13:09:01,
beijing,Linear-Transformer,,correlation,,,42,no_checkpoint_saved,9bc15d5d352eaa4f,12,Nongzhanguan,test,20.945267690199714,11.396702679566046,0.9548772818864216,migrated_06_train_multistation_beijing,06_train_multistation.py,migration_pre_P3,2026-08-15T13:09:01,
beijing,Linear-Transformer,,correlation,,,42,no_checkpoint_saved,9bc15d5d352eaa4f,12,Shunyi,test,20.86572458993108,11.564730569424873,0.9478580949292164,migrated_06_train_multistation_beijing,06_train_multistation.py,migration_pre_P3,2026-08-15T13:09:01,
beijing,Linear-Transformer,,correlation,,,42,no_checkpoint_saved,9bc15d5d352eaa4f,12,Tiantan,test,20.06218373652886,11.404697519962461,0.9544165168550627,migrated_06_train_multistation_beijing,06_train_multistation.py,migration_pre_P3,2026-08-15T13:09:01,
beijing,Linear-Transformer,,correlation,,,42,no_checkpoint_saved,9bc15d5d352eaa4f,12,Wanliu,test,19.968992817188692,10.795517827622652,0.9516541450783423,migrated_06_train_multistation_beijing,06_train_multistation.py,migration_pre_P3,2026-08-15T13:09:01,
beijing,Linear-Transformer,,correlation,,,42,no_checkpoint_saved,9bc15d5d352eaa4f,12,Wanshouxigong,test,24.58257743584327,12.017990230975123,0.9428718730582549,migrated_06_train_multistation_beijing,06_train_multistation.py,migration_pre_P3,2026-08-15T13:09:01,
beijing,Linear-Transformer,,correlation,,,42,no_checkpoint_saved,9bc15d5d352eaa4f,12,__aggregate__,test,20.79787625721049,11.09066073164953,0.9495490396778259,migrated_06_train_multistation_beijing,06_train_multistation.py,migration_pre_P3,2026-08-15T13:09:01,
beijing,Linear-Transformer,,correlation,,,123,no_checkpoint_saved,9bc15d5d352eaa4f,12,Aotizhongxin,test,20.361050381621897,11.048202543849074,0.9521773778695704,migrated_06_train_multistation_beijing,06_train_multistation.py,migration_pre_P3,2026-08-15T13:09:01,
beijing,Linear-Transformer,,correlation,,,123,no_checkpoint_saved,9bc15d5d352eaa4f,12,Changping,test,19.30929906494409,10.472146839305323,0.9427405060033477,migrated_06_train_multistation_beijing,06_train_multistation.py,migration_pre_P3,2026-08-15T13:09:01,
beijing,Linear-Transformer,,correlation,,,123,no_checkpoint_saved,9bc15d5d352eaa4f,12,Dingling,test,17.382271013962395,9.125104356751764,0.9486869492659014,migrated_06_train_multistation_beijing,06_train_multistation.py,migration_pre_P3,2026-08-15T13:09:01,
beijing,Linear-Transformer,,correlation,,,123,no_checkpoint_saved,9bc15d5d352eaa4f,12,Dongsi,test,22.938082548600537,11.822434872496762,0.9488911313534937,migrated_06_train_multistation_beijing,06_train_multistation.py,migration_pre_P3,2026-08-15T13:09:01,
beijing,Linear-Transformer,,correlation,,,123,no_checkpoint_saved,9bc15d5d352eaa4f,12,Guanyuan,test,20.967394459171427,11.54409705412394,0.9509141654136184,migrated_06_train_multistation_beijing,06_train_multistation.py,migration_pre_P3,2026-08-15T13:09:01,
beijing,Linear-Transformer,,correlation,,,123,no_checkpoint_saved,9bc15d5d352eaa4f,12,Gucheng,test,22.12440796973209,11.290940327650729,0.9510436173892222,migrated_06_train_multistation_beijing,06_train_multistation.py,migration_pre_P3,2026-08-15T13:09:01,
beijing,Linear-Transformer,,correlation,,,123,no_checkpoint_saved,9bc15d5d352eaa4f,12,Huairou,test,18.76043645442592,8.935879672227424,0.9397734868920451,migrated_06_train_multistation_beijing,06_train_multistation.py,migration_pre_P3,2026-08-15T13:09:01,
beijing,Linear-Transformer,,correlation,,,123,no_checkpoint_saved,9bc15d5d352eaa4f,12,Nongzhanguan,test,20.945075640795203,11.150765194084475,0.9548781093527059,migrated_06_train_multistation_beijing,06_train_multistation.py,migration_pre_P3,2026-08-15T13:09:01,
beijing,Linear-Transformer,,correlation,,,123,no_checkpoint_saved,9bc15d5d352eaa4f,12,Shunyi,test,20.732050521589702,10.956712468144884,0.9485240381798642,migrated_06_train_multistation_beijing,06_train_multistation.py,migration_pre_P3,2026-08-15T13:09:01,
beijing,Linear-Transformer,,correlation,,,123,no_checkpoint_saved,9bc15d5d352eaa4f,12,Tiantan,test,19.964545186973062,11.060376337039528,0.9548591281779244,migrated_06_train_multistation_beijing,06_train_multistation.py,migration_pre_P3,2026-08-15T13:09:01,
beijing,Linear-Transformer,,correlation,,,123,no_checkpoint_saved,9bc15d5d352eaa4f,12,Wanliu,test,19.866547743448315,10.337798794196512,0.952148921183066,migrated_06_train_multistation_beijing,06_train_multistation.py,migration_pre_P3,2026-08-15T13:09:01,
beijing,Linear-Transformer,,correlation,,,123,no_checkpoint_saved,9bc15d5d352eaa4f,12,Wanshouxigong,test,24.757224120604594,11.843081227386234,0.9420572571296596,migrated_06_train_multistation_beijing,06_train_multistation.py,migration_pre_P3,2026-08-15T13:09:01,
beijing,Linear-Transformer,,correlation,,,123,no_checkpoint_saved,9bc15d5d352eaa4f,12,__aggregate__,test,20.759520820500377,10.79896164060472,0.9497349513800817,migrated_06_train_multistation_beijing,06_train_multistation.py,migration_pre_P3,2026-08-15T13:09:01,
beijing,Linear-Transformer,,correlation,,,777,no_checkpoint_saved,9bc15d5d352eaa4f,12,Aotizhongxin,test,20.604909773184623,12.025202207505211,0.9510249980296073,migrated_06_train_multistation_beijing,06_train_multistation.py,migration_pre_P3,2026-08-15T13:09:01,
beijing,Linear-Transformer,,correlation,,,777,no_checkpoint_saved,9bc15d5d352eaa4f,12,Changping,test,19.731437965472924,11.563920562772012,0.9402095309158782,migrated_06_train_multistation_beijing,06_train_multistation.py,migration_pre_P3,2026-08-15T13:09:01,
beijing,Linear-Transformer,,correlation,,,777,no_checkpoint_saved,9bc15d5d352eaa4f,12,Dingling,test,17.935489470981974,10.473611859861109,0.9453687335195388,migrated_06_train_multistation_beijing,06_train_multistation.py,migration_pre_P3,2026-08-15T13:09:01,
beijing,Linear-Transformer,,correlation,,,777,no_checkpoint_saved,9bc15d5d352eaa4f,12,Dongsi,test,23.089270782637126,12.59107321285745,0.9482151790663788,migrated_06_train_multistation_beijing,06_train_multistation.py,migration_pre_P3,2026-08-15T13:09:01,
beijing,Linear-Transformer,,correlation,,,777,no_checkpoint_saved,9bc15d5d352eaa4f,12,Guanyuan,test,21.200870945444738,12.291635940617008,0.9498149162759276,migrated_06_train_multistation_beijing,06_train_multistation.py,migration_pre_P3,2026-08-15T13:09:01,
beijing,Linear-Transformer,,correlation,,,777,no_checkpoint_saved,9bc15d5d352eaa4f,12,Gucheng,test,22.19322540528919,11.965261020909784,0.9507385884466629,migrated_06_train_multistation_beijing,06_train_multistation.py,migration_pre_P3,2026-08-15T13:09:01,
beijing,Linear-Transformer,,correlation,,,777,no_checkpoint_saved,9bc15d5d352eaa4f,12,Huairou,test,19.241547462261835,10.44663183963109,0.9366448626388306,migrated_06_train_multistation_beijing,06_train_multistation.py,migration_pre_P3,2026-08-15T13:09:01,
beijing,Linear-Transformer,,correlation,,,777,no_checkpoint_saved,9bc15d5d352eaa4f,12,Nongzhanguan,test,21.113708534573927,11.927017986574793,0.9541486141685507,migrated_06_train_multistation_beijing,06_train_multistation.py,migration_pre_P3,2026-08-15T13:09:01,
beijing,Linear-Transformer,,correlation,,,777,no_checkpoint_saved,9bc15d5d352eaa4f,12,Shunyi,test,21.004830407034287,12.159944994861103,0.9471605471470003,migrated_06_train_multistation_beijing,06_train_multistation.py,migration_pre_P3,2026-08-15T13:09:01,
beijing,Linear-Transformer,,correlation,,,777,no_checkpoint_saved,9bc15d5d352eaa4f,12,Tiantan,test,20.28577440075031,11.881962941971956,0.9533948099506103,migrated_06_train_multistation_beijing,06_train_multistation.py,migration_pre_P3,2026-08-15T13:09:01,
beijing,Linear-Transformer,,correlation,,,777,no_checkpoint_saved,9bc15d5d352eaa4f,12,Wanliu,test,20.206162976860902,11.563463362053227,0.9504989255056254,migrated_06_train_multistation_beijing,06_train_multistation.py,migration_pre_P3,2026-08-15T13:09:01,
beijing,Linear-Transformer,,correlation,,,777,no_checkpoint_saved,9bc15d5d352eaa4f,12,Wanshouxigong,test,24.66259091205815,12.62036375839366,0.9424993767964832,migrated_06_train_multistation_beijing,06_train_multistation.py,migration_pre_P3,2026-08-15T13:09:01,
beijing,Linear-Transformer,,correlation,,,777,no_checkpoint_saved,9bc15d5d352eaa4f,12,__aggregate__,test,21.00789164130595,11.7925074740007,0.948524995314276,migrated_06_train_multistation_beijing,06_train_multistation.py,migration_pre_P3,2026-08-15T13:09:01,
beijing,GCN-Transformer,,correlation,5,,42,no_checkpoint_saved,9bc15d5d352eaa4f,12,Aotizhongxin,test,22.630234168681532,12.746235477829106,0.940923994310964,migrated_06_train_multistation_beijing,06_train_multistation.py,migration_pre_P3,2026-08-15T13:09:01,
beijing,GCN-Transformer,,correlation,5,,42,no_checkpoint_saved,9bc15d5d352eaa4f,12,Changping,test,23.02728415332583,12.924360418775207,0.9185670949656128,migrated_06_train_multistation_beijing,06_train_multistation.py,migration_pre_P3,2026-08-15T13:09:01,
beijing,GCN-Transformer,,correlation,5,,42,no_checkpoint_saved,9bc15d5d352eaa4f,12,Dingling,test,32.30392243221169,16.11154342033861,0.8227748635276729,migrated_06_train_multistation_beijing,06_train_multistation.py,migration_pre_P3,2026-08-15T13:09:01,
beijing,GCN-Transformer,,correlation,5,,42,no_checkpoint_saved,9bc15d5d352eaa4f,12,Dongsi,test,26.145418839230462,15.056849612910582,0.9335992091895883,migrated_06_train_multistation_beijing,06_train_multistation.py,migration_pre_P3,2026-08-15T13:09:01,
beijing,GCN-Transformer,,correlation,5,,42,no_checkpoint_saved,9bc15d5d352eaa4f,12,Guanyuan,test,24.554004238396978,13.277697462883856,0.9326849920866501,migrated_06_train_multistation_beijing,06_train_multistation.py,migration_pre_P3,2026-08-15T13:09:01,
beijing,GCN-Transformer,,correlation,5,,42,no_checkpoint_saved,9bc15d5d352eaa4f,12,Gucheng,test,36.666888849338505,19.934811495137648,0.8655334915878912,migrated_06_train_multistation_beijing,06_train_multistation.py,migration_pre_P3,2026-08-15T13:09:01,
beijing,GCN-Transformer,,correlation,5,,42,no_checkpoint_saved,9bc15d5d352eaa4f,12,Huairou,test,27.776036655426246,15.96453227998572,0.8679791886618724,migrated_06_train_multistation_beijing,06_train_multistation.py,migration_pre_P3,2026-08-15T13:09:01,
beijing,GCN-Transformer,,correlation,5,,42,no_checkpoint_saved,9bc15d5d352eaa4f,12,Nongzhanguan,test,24.126924257593267,13.885693505218727,0.9401275066939331,migrated_06_train_multistation_beijing,06_train_multistation.py,migration_pre_P3,2026-08-15T13:09:01,
beijing,GCN-Transformer,,correlation,5,,42,no_checkpoint_saved,9bc15d5d352eaa4f,12,Shunyi,test,30.996903939024687,18.428431872418656,0.8849314639352153,migrated_06_train_multistation_beijing,06_train_multistation.py,migration_pre_P3,2026-08-15T13:09:01,
beijing,GCN-Transformer,,correlation,5,,42,no_checkpoint_saved,9bc15d5d352eaa4f,12,Tiantan,test,22.88522187705043,12.995981901631238,0.9406854342389908,migrated_06_train_multistation_beijing,06_train_multistation.py,migration_pre_P3,2026-08-15T13:09:01,
beijing,GCN-Transformer,,correlation,5,,42,no_checkpoint_saved,9bc15d5d352eaa4f,12,Wanliu,test,24.924472016942055,14.076557302392827,0.9246819864231861,migrated_06_train_multistation_beijing,06_train_multistation.py,migration_pre_P3,2026-08-15T13:09:01,
beijing,GCN-Transformer,,correlation,5,,42,no_checkpoint_saved,9bc15d5d352eaa4f,12,Wanshouxigong,test,28.315790505398393,14.581180272503834,0.9242029096708867,migrated_06_train_multistation_beijing,06_train_multistation.py,migration_pre_P3,2026-08-15T13:09:01,
beijing,GCN-Transformer,,correlation,5,,42,no_checkpoint_saved,9bc15d5d352eaa4f,12,__aggregate__,test,27.352697802155614,14.9986562518355,0.9127366679158236,migrated_06_train_multistation_beijing,06_train_multistation.py,migration_pre_P3,2026-08-15T13:09:01,
beijing,GCN-Transformer,,correlation,5,,123,no_checkpoint_saved,9bc15d5d352eaa4f,12,Aotizhongxin,test,22.90118864840668,13.06984961951548,0.9395008773805176,migrated_06_train_multistation_beijing,06_train_multistation.py,migration_pre_P3,2026-08-15T13:09:01,
beijing,GCN-Transformer,,correlation,5,,123,no_checkpoint_saved,9bc15d5d352eaa4f,12,Changping,test,22.828861398504255,13.362618244656328,0.9199644395301922,migrated_06_train_multistation_beijing,06_train_multistation.py,migration_pre_P3,2026-08-15T13:09:01,
beijing,GCN-Transformer,,correlation,5,,123,no_checkpoint_saved,9bc15d5d352eaa4f,12,Dingling,test,32.987855141692535,17.254166895559997,0.8151910670600329,migrated_06_train_multistation_beijing,06_train_multistation.py,migration_pre_P3,2026-08-15T13:09:01,
beijing,GCN-Transformer,,correlation,5,,123,no_checkpoint_saved,9bc15d5d352eaa4f,12,Dongsi,test,26.16657492290319,14.857524073660091,0.9334917066823212,migrated_06_train_multistation_beijing,06_train_multistation.py,migration_pre_P3,2026-08-15T13:09:01,
beijing,GCN-Transformer,,correlation,5,,123,no_checkpoint_saved,9bc15d5d352eaa4f,12,Guanyuan,test,24.375599023981454,13.223617888932948,0.9336596371476746,migrated_06_train_multistation_beijing,06_train_multistation.py,migration_pre_P3,2026-08-15T13:09:01,
beijing,GCN-Transformer,,correlation,5,,123,no_checkpoint_saved,9bc15d5d352eaa4f,12,Gucheng,test,37.07884658682466,20.131710156691064,0.8624950172046834,migrated_06_train_multistation_beijing,06_train_multistation.py,migration_pre_P3,2026-08-15T13:09:01,
beijing,GCN-Transformer,,correlation,5,,123,no_checkpoint_saved,9bc15d5d352eaa4f,12,Huairou,test,28.69194456961948,17.43355005895375,0.8591289309435249,migrated_06_train_multistation_beijing,06_train_multistation.py,migration_pre_P3,2026-08-15T13:09:01,
beijing,GCN-Transformer,,correlation,5,,123,no_checkpoint_saved,9bc15d5d352eaa4f,12,Nongzhanguan,test,24.095233115050583,13.970819935228123,0.9402846905559983,migrated_06_train_multistation_beijing,06_train_multistation.py,migration_pre_P3,2026-08-15T13:09:01,
beijing,GCN-Transformer,,correlation,5,,123,no_checkpoint_saved,9bc15d5d352eaa4f,12,Shunyi,test,31.262262397493185,18.91426760387612,0.8829528722039333,migrated_06_train_multistation_beijing,06_train_multistation.py,migration_pre_P3,2026-08-15T13:09:01,
beijing,GCN-Transformer,,correlation,5,,123,no_checkpoint_saved,9bc15d5d352eaa4f,12,Tiantan,test,22.779761887478475,13.135233661844492,0.9412308430281179,migrated_06_train_multistation_beijing,06_train_multistation.py,migration_pre_P3,2026-08-15T13:09:01,
beijing,GCN-Transformer,,correlation,5,,123,no_checkpoint_saved,9bc15d5d352eaa4f,12,Wanliu,test,25.09849403568038,14.676423597397456,0.9236265779793679,migrated_06_train_multistation_beijing,06_train_multistation.py,migration_pre_P3,2026-08-15T13:09:01,
beijing,GCN-Transformer,,correlation,5,,123,no_checkpoint_saved,9bc15d5d352eaa4f,12,Wanshouxigong,test,28.36096242858137,14.476028900577688,0.9239608799525405,migrated_06_train_multistation_beijing,06_train_multistation.py,migration_pre_P3,2026-08-15T13:09:01,
beijing,GCN-Transformer,,correlation,5,,123,no_checkpoint_saved,9bc15d5d352eaa4f,12,__aggregate__,test,27.57089862660688,15.375484219741129,0.9113388621999511,migrated_06_train_multistation_beijing,06_train_multistation.py,migration_pre_P3,2026-08-15T13:09:01,
beijing,GCN-Transformer,,correlation,5,,777,no_checkpoint_saved,9bc15d5d352eaa4f,12,Aotizhongxin,test,22.940790982716972,13.065718522110238,0.9392914578520686,migrated_06_train_multistation_beijing,06_train_multistation.py,migration_pre_P3,2026-08-15T13:09:01,
beijing,GCN-Transformer,,correlation,5,,777,no_checkpoint_saved,9bc15d5d352eaa4f,12,Changping,test,23.04957800557509,13.259378914057503,0.9184093401947118,migrated_06_train_multistation_beijing,06_train_multistation.py,migration_pre_P3,2026-08-15T13:09:01,
beijing,GCN-Transformer,,correlation,5,,777,no_checkpoint_saved,9bc15d5d352eaa4f,12,Dingling,test,32.7127185748284,17.148963241075084,0.8182610239558051,migrated_06_train_multistation_beijing,06_train_multistation.py,migration_pre_P3,2026-08-15T13:09:01,
beijing,GCN-Transformer,,correlation,5,,777,no_checkpoint_saved,9bc15d5d352eaa4f,12,Dongsi,test,26.23580719857288,15.022907844478219,0.933139301990673,migrated_06_train_multistation_beijing,06_train_multistation.py,migration_pre_P3,2026-08-15T13:09:01,
beijing,GCN-Transformer,,correlation,5,,777,no_checkpoint_saved,9bc15d5d352eaa4f,12,Guanyuan,test,24.343163074517147,13.216009453114546,0.9338360743277737,migrated_06_train_multistation_beijing,06_train_multistation.py,migration_pre_P3,2026-08-15T13:09:01,
beijing,GCN-Transformer,,correlation,5,,777,no_checkpoint_saved,9bc15d5d352eaa4f,12,Gucheng,test,37.15795289310083,20.237349638460365,0.8619076680466711,migrated_06_train_multistation_beijing,06_train_multistation.py,migration_pre_P3,2026-08-15T13:09:01,
beijing,GCN-Transformer,,correlation,5,,777,no_checkpoint_saved,9bc15d5d352eaa4f,12,Huairou,test,28.556158510042565,16.905914139901824,0.860459134579413,migrated_06_train_multistation_beijing,06_train_multistation.py,migration_pre_P3,2026-08-15T13:09:01,
beijing,GCN-Transformer,,correlation,5,,777,no_checkpoint_saved,9bc15d5d352eaa4f,12,Nongzhanguan,test,24.101243494878346,13.998398738052085,0.9402548957452549,migrated_06_train_multistation_beijing,06_train_multistation.py,migration_pre_P3,2026-08-15T13:09:01,
beijing,GCN-Transformer,,correlation,5,,777,no_checkpoint_saved,9bc15d5d352eaa4f,12,Shunyi,test,31.394996428150446,18.798953444619546,0.8819568394347904,migrated_06_train_multistation_beijing,06_train_multistation.py,migration_pre_P3,2026-08-15T13:09:01,
beijing,GCN-Transformer,,correlation,5,,777,no_checkpoint_saved,9bc15d5d352eaa4f,12,Tiantan,test,22.8055053773367,13.06231350220229,0.94109793750576,migrated_06_train_multistation_beijing,06_train_multistation.py,migration_pre_P3,2026-08-15T13:09:01,
beijing,GCN-Transformer,,correlation,5,,777,no_checkpoint_saved,9bc15d5d352eaa4f,12,Wanliu,test,25.249101686030084,14.661067654346029,0.9227072453124942,migrated_06_train_multistation_beijing,06_train_multistation.py,migration_pre_P3,2026-08-15T13:09:01,
beijing,GCN-Transformer,,correlation,5,,777,no_checkpoint_saved,9bc15d5d352eaa4f,12,Wanshouxigong,test,28.44179294538543,14.580876198142175,0.9235268298014268,migrated_06_train_multistation_beijing,06_train_multistation.py,migration_pre_P3,2026-08-15T13:09:01,
beijing,GCN-Transformer,,correlation,5,,777,no_checkpoint_saved,9bc15d5d352eaa4f,12,__aggregate__,test,27.595016533382605,15.329820940879992,0.9111836800027044,migrated_06_train_multistation_beijing,06_train_multistation.py,migration_pre_P3,2026-08-15T13:09:01,
london,Linear-Transformer,,distance,,,42,no_checkpoint_saved,9bc15d5d352eaa4f,8,BL0,test,0.8280003572899608,0.4140663818225379,0.9071942708790217,migrated_06_train_multistation_london,06_train_multistation.py,migration_pre_P3,2026-08-15T13:09:01,
london,Linear-Transformer,,distance,,,42,no_checkpoint_saved,9bc15d5d352eaa4f,8,BT4,test,2.9237319223429528,2.074874058817956,0.7608215126495824,migrated_06_train_multistation_london,06_train_multistation.py,migration_pre_P3,2026-08-15T13:09:01,
london,Linear-Transformer,,distance,,,42,no_checkpoint_saved,9bc15d5d352eaa4f,8,CT3,test,0.9649767592275443,0.44525006517692073,0.7584555109596508,migrated_06_train_multistation_london,06_train_multistation.py,migration_pre_P3,2026-08-15T13:09:01,
london,Linear-Transformer,,distance,,,42,no_checkpoint_saved,9bc15d5d352eaa4f,8,GN0,test,1.2909352859997856,0.6636271478564755,0.7415797223946533,migrated_06_train_multistation_london,06_train_multistation.py,migration_pre_P3,2026-08-15T13:09:01,
london,Linear-Transformer,,distance,,,42,no_checkpoint_saved,9bc15d5d352eaa4f,8,KC1,test,1.5125145642142743,0.902033420534509,0.901552744785484,migrated_06_train_multistation_london,06_train_multistation.py,migration_pre_P3,2026-08-15T13:09:01,
london,Linear-Transformer,,distance,,,42,no_checkpoint_saved,9bc15d5d352eaa4f,8,LH0,test,0.9200449946226681,0.3955377729803126,0.8951224979619998,migrated_06_train_multistation_london,06_train_multistation.py,migration_pre_P3,2026-08-15T13:09:01,
london,Linear-Transformer,,distance,,,42,no_checkpoint_saved,9bc15d5d352eaa4f,8,RB7,test,2.508997696392035,1.637700503005457,0.7280985663470754,migrated_06_train_multistation_london,06_train_multistation.py,migration_pre_P3,2026-08-15T13:09:01,
london,Linear-Transformer,,distance,,,42,no_checkpoint_saved,9bc15d5d352eaa4f,8,TH4,test,2.528373268809615,1.630177647601789,0.8669175599917451,migrated_06_train_multistation_london,06_train_multistation.py,migration_pre_P3,2026-08-15T13:09:01,
london,Linear-Transformer,,distance,,,42,no_checkpoint_saved,9bc15d5d352eaa4f,8,__aggregate__,test,1.859213910834033,1.0204083747244947,0.8450650530364743,migrated_06_train_multistation_london,06_train_multistation.py,migration_pre_P3,2026-08-15T13:09:01,
london,Linear-Transformer,,distance,,,123,no_checkpoint_saved,9bc15d5d352eaa4f,8,BL0,test,0.9575567566054191,0.6566917563577835,0.8758797079469604,migrated_06_train_multistation_london,06_train_multistation.py,migration_pre_P3,2026-08-15T13:09:01,
london,Linear-Transformer,,distance,,,123,no_checkpoint_saved,9bc15d5d352eaa4f,8,BT4,test,2.9409933219615696,2.1216879055551314,0.7579890075947056,migrated_06_train_multistation_london,06_train_multistation.py,migration_pre_P3,2026-08-15T13:09:01,
london,Linear-Transformer,,distance,,,123,no_checkpoint_saved,9bc15d5d352eaa4f,8,CT3,test,1.035955607841083,0.6112381223382074,0.7216150729321229,migrated_06_train_multistation_london,06_train_multistation.py,migration_pre_P3,2026-08-15T13:09:01,
london,Linear-Transformer,,distance,,,123,no_checkpoint_saved,9bc15d5d352eaa4f,8,GN0,test,1.3523724983970913,0.8387526210997028,0.7163973360745182,migrated_06_train_multistation_london,06_train_multistation.py,migration_pre_P3,2026-08-15T13:09:01,
london,Linear-Transformer,,distance,,,123,no_checkpoint_saved,9bc15d5d352eaa4f,8,KC1,test,1.593456866875626,1.057745825012833,0.8907339846125801,migrated_06_train_multistation_london,06_train_multistation.py,migration_pre_P3,2026-08-15T13:09:01,
london,Linear-Transformer,,distance,,,123,no_checkpoint_saved,9bc15d5d352eaa4f,8,LH0,test,1.0543318339234093,0.6642335502646647,0.8622730785327934,migrated_06_train_multistation_london,06_train_multistation.py,migration_pre_P3,2026-08-15T13:09:01,
london,Linear-Transformer,,distance,,,123,no_checkpoint_saved,9bc15d5d352eaa4f,8,RB7,test,2.536706012529708,1.7528865615913205,0.7220598747404026,migrated_06_train_multistation_london,06_train_multistation.py,migration_pre_P3,2026-08-15T13:09:01,
london,Linear-Transformer,,distance,,,123,no_checkpoint_saved,9bc15d5d352eaa4f,8,TH4,test,2.5331242022434863,1.6657859388723641,0.8664169536530789,migrated_06_train_multistation_london,06_train_multistation.py,migration_pre_P3,2026-08-15T13:09:01,
london,Linear-Transformer,,distance,,,123,no_checkpoint_saved,9bc15d5d352eaa4f,8,__aggregate__,test,1.9029841065545867,1.1711277851365007,0.8376841277991227,migrated_06_train_multistation_london,06_train_multistation.py,migration_pre_P3,2026-08-15T13:09:01,
london,Linear-Transformer,,distance,,,777,no_checkpoint_saved,9bc15d5d352eaa4f,8,BL0,test,0.888951628938793,0.5408877700108841,0.8930280287623692,migrated_06_train_multistation_london,06_train_multistation.py,migration_pre_P3,2026-08-15T13:09:01,
london,Linear-Transformer,,distance,,,777,no_checkpoint_saved,9bc15d5d352eaa4f,8,BT4,test,2.9064696477237963,2.0715777671920357,0.7636374864331803,migrated_06_train_multistation_london,06_train_multistation.py,migration_pre_P3,2026-08-15T13:09:01,
london,Linear-Transformer,,distance,,,777,no_checkpoint_saved,9bc15d5d352eaa4f,8,CT3,test,0.9721194192169965,0.4638821630114498,0.7548665016322351,migrated_06_train_multistation_london,06_train_multistation.py,migration_pre_P3,2026-08-15T13:09:01,
london,Linear-Transformer,,distance,,,777,no_checkpoint_saved,9bc15d5d352eaa4f,8,GN0,test,1.2931093920436396,0.7041405687938921,0.7407085614709887,migrated_06_train_multistation_london,06_train_multistation.py,migration_pre_P3,2026-08-15T13:09:01,
london,Linear-Transformer,,distance,,,777,no_checkpoint_saved,9bc15d5d352eaa4f,8,KC1,test,1.5299286912324603,0.9772466461618962,0.8992727771794625,migrated_06_train_multistation_london,06_train_multistation.py,migration_pre_P3,2026-08-15T13:09:01,
london,Linear-Transformer,,distance,,,777,no_checkpoint_saved,9bc15d5d352eaa4f,8,LH0,test,0.9861918459653549,0.5651169750866089,0.8795000086690784,migrated_06_train_multistation_london,06_train_multistation.py,migration_pre_P3,2026-08-15T13:09:01,
london,Linear-Transformer,,distance,,,777,no_checkpoint_saved,9bc15d5d352eaa4f,8,RB7,test,2.5083928975128056,1.6952654205402786,0.7282296353094675,migrated_06_train_multistation_london,06_train_multistation.py,migration_pre_P3,2026-08-15T13:09:01,
london,Linear-Transformer,,distance,,,777,no_checkpoint_saved,9bc15d5d352eaa4f,8,TH4,test,2.5265475586610444,1.6400385777528403,0.8671096852933102,migrated_06_train_multistation_london,06_train_multistation.py,migration_pre_P3,2026-08-15T13:09:01,
london,Linear-Transformer,,distance,,,777,no_checkpoint_saved,9bc15d5d352eaa4f,8,__aggregate__,test,1.8655991841937969,1.0822694860687359,0.8439990102212338,migrated_06_train_multistation_london,06_train_multistation.py,migration_pre_P3,2026-08-15T13:09:01,
london,GCN-Transformer,,distance,5,,42,no_checkpoint_saved,9bc15d5d352eaa4f,8,BL0,test,3.274436635712892,2.2300887774839833,-0.45139933635569807,migrated_06_train_multistation_london,06_train_multistation.py,migration_pre_P3,2026-08-15T13:09:01,
london,GCN-Transformer,,distance,5,,42,no_checkpoint_saved,9bc15d5d352eaa4f,8,BT4,test,4.354896754340025,3.0071085166002565,0.46935663013457507,migrated_06_train_multistation_london,06_train_multistation.py,migration_pre_P3,2026-08-15T13:09:01,
london,GCN-Transformer,,distance,5,,42,no_checkpoint_saved,9bc15d5d352eaa4f,8,CT3,test,2.881133272698421,2.314112618470263,-1.1532285102021347,migrated_06_train_multistation_london,06_train_multistation.py,migration_pre_P3,2026-08-15T13:09:01,
london,GCN-Transformer,,distance,5,,42,no_checkpoint_saved,9bc15d5d352eaa4f,8,GN0,test,2.7769265176314044,2.029864350912972,-0.1957666050774185,migrated_06_train_multistation_london,06_train_multistation.py,migration_pre_P3,2026-08-15T13:09:01,
london,GCN-Transformer,,distance,5,,42,no_checkpoint_saved,9bc15d5d352eaa4f,8,KC1,test,2.589914542669876,1.8266927620522484,0.711347482067789,migrated_06_train_multistation_london,06_train_multistation.py,migration_pre_P3,2026-08-15T13:09:01,
london,GCN-Transformer,,distance,5,,42,no_checkpoint_saved,9bc15d5d352eaa4f,8,LH0,test,1.8834732702366819,1.250477592639477,0.5604754648402421,migrated_06_train_multistation_london,06_train_multistation.py,migration_pre_P3,2026-08-15T13:09:01,
london,GCN-Transformer,,distance,5,,42,no_checkpoint_saved,9bc15d5d352eaa4f,8,RB7,test,3.318153288041371,2.5384539100677643,0.5244415940170346,migrated_06_train_multistation_london,06_train_multistation.py,migration_pre_P3,2026-08-15T13:09:01,
london,GCN-Transformer,,distance,5,,42,no_checkpoint_saved,9bc15d5d352eaa4f,8,TH4,test,4.987684071897206,2.8693636193635483,0.48211152291877346,migrated_06_train_multistation_london,06_train_multistation.py,migration_pre_P3,2026-08-15T13:09:01,
london,GCN-Transformer,,distance,5,,42,no_checkpoint_saved,9bc15d5d352eaa4f,8,__aggregate__,test,3.388243892189217,2.2582702684488143,0.4854352926910218,migrated_06_train_multistation_london,06_train_multistation.py,migration_pre_P3,2026-08-15T13:09:01,
london,GCN-Transformer,,distance,5,,123,no_checkpoint_saved,9bc15d5d352eaa4f,8,BL0,test,3.2205759485736554,2.0991027303007344,-0.40404435986970344,migrated_06_train_multistation_london,06_train_multistation.py,migration_pre_P3,2026-08-15T13:09:01,
london,GCN-Transformer,,distance,5,,123,no_checkpoint_saved,9bc15d5d352eaa4f,8,BT4,test,4.426781921078369,3.100879795531371,0.4516936556188912,migrated_06_train_multistation_london,06_train_multistation.py,migration_pre_P3,2026-08-15T13:09:01,
london,GCN-Transformer,,distance,5,,123,no_checkpoint_saved,9bc15d5d352eaa4f,8,CT3,test,3.00088287722059,2.450583531076754,-1.335939102760027,migrated_06_train_multistation_london,06_train_multistation.py,migration_pre_P3,2026-08-15T13:09:01,
london,GCN-Transformer,,distance,5,,123,no_checkpoint_saved,9bc15d5d352eaa4f,8,GN0,test,2.795872036803515,2.1171978836322647,-0.21213844540661286,migrated_06_train_multistation_london,06_train_multistation.py,migration_pre_P3,2026-08-15T13:09:01,
london,GCN-Transformer,,distance,5,,123,no_checkpoint_saved,9bc15d5d352eaa4f,8,KC1,test,2.5539687924629986,1.7533564982329168,0.7193043682132672,migrated_06_train_multistation_london,06_train_multistation.py,migration_pre_P3,2026-08-15T13:09:01,
london,GCN-Transformer,,distance,5,,123,no_checkpoint_saved,9bc15d5d352eaa4f,8,LH0,test,1.8538963334292473,1.1979223555691734,0.5741711398996565,migrated_06_train_multistation_london,06_train_multistation.py,migration_pre_P3,2026-08-15T13:09:01,
london,GCN-Transformer,,distance,5,,123,no_checkpoint_saved,9bc15d5d352eaa4f,8,RB7,test,3.325540506679909,2.497524262933609,0.5223217615810622,migrated_06_train_multistation_london,06_train_multistation.py,migration_pre_P3,2026-08-15T13:09:01,
london,GCN-Transformer,,distance,5,,123,no_checkpoint_saved,9bc15d5d352eaa4f,8,TH4,test,5.066186113749408,2.938798738895957,0.4656809540159367,migrated_06_train_multistation_london,06_train_multistation.py,migration_pre_P3,2026-08-15T13:09:01,
london,GCN-Transformer,,distance,5,,123,no_checkpoint_saved,9bc15d5d352eaa4f,8,__aggregate__,test,3.418257153049388,2.269420724521597,0.4762788292453649,migrated_06_train_multistation_london,06_train_multistation.py,migration_pre_P3,2026-08-15T13:09:01,
london,GCN-Transformer,,distance,5,,777,no_checkpoint_saved,9bc15d5d352eaa4f,8,BL0,test,3.055746874637724,1.9060100443786516,-0.2640041248935494,migrated_06_train_multistation_london,06_train_multistation.py,migration_pre_P3,2026-08-15T13:09:01,
london,GCN-Transformer,,distance,5,,777,no_checkpoint_saved,9bc15d5d352eaa4f,8,BT4,test,4.846837142500036,3.5536734608731173,0.34269963945969206,migrated_06_train_multistation_london,06_train_multistation.py,migration_pre_P3,2026-08-15T13:09:01,
london,GCN-Transformer,,distance,5,,777,no_checkpoint_saved,9bc15d5d352eaa4f,8,CT3,test,3.3937911172450463,2.8743459732084387,-1.987676994292067,migrated_06_train_multistation_london,06_train_multistation.py,migration_pre_P3,2026-08-15T13:09:01,
london,GCN-Transformer,,distance,5,,777,no_checkpoint_saved,9bc15d5d352eaa4f,8,GN0,test,2.9977566024665006,2.3346418965175664,-0.3935109361768321,migrated_06_train_multistation_london,06_train_multistation.py,migration_pre_P3,2026-08-15T13:09:01,
london,GCN-Transformer,,distance,5,,777,no_checkpoint_saved,9bc15d5d352eaa4f,8,KC1,test,2.4529441404185133,1.5871853046020639,0.7410715339672829,migrated_06_train_multistation_london,06_train_multistation.py,migration_pre_P3,2026-08-15T13:09:01,
london,GCN-Transformer,,distance,5,,777,no_checkpoint_saved,9bc15d5d352eaa4f,8,LH0,test,1.8373420505886955,1.2420569509591288,0.5817420251774122,migrated_06_train_multistation_london,06_train_multistation.py,migration_pre_P3,2026-08-15T13:09:01,
london,GCN-Transformer,,distance,5,,777,no_checkpoint_saved,9bc15d5d352eaa4f,8,RB7,test,3.1090004172463566,2.26738736978244,0.5825037941692652,migrated_06_train_multistation_london,06_train_multistation.py,migration_pre_P3,2026-08-15T13:09:01,
london,GCN-Transformer,,distance,5,,777,no_checkpoint_saved,9bc15d5d352eaa4f,8,TH4,test,5.270040696301262,3.175983783050367,0.4218156762411073,migrated_06_train_multistation_london,06_train_multistation.py,migration_pre_P3,2026-08-15T13:09:01,
london,GCN-Transformer,,distance,5,,777,no_checkpoint_saved,9bc15d5d352eaa4f,8,__aggregate__,test,3.5384628609200406,2.3676605979214718,0.4387970427497858,migrated_06_train_multistation_london,06_train_multistation.py,migration_pre_P3,2026-08-15T13:09:01,
london,Linear-Transformer,,correlation,,,42,no_checkpoint_saved,9bc15d5d352eaa4f,8,BL0,test,0.8280003572899608,0.4140663818225379,0.9071942708790217,migrated_06_train_multistation_london,06_train_multistation.py,migration_pre_P3,2026-08-15T13:09:01,
london,Linear-Transformer,,correlation,,,42,no_checkpoint_saved,9bc15d5d352eaa4f,8,BT4,test,2.9237319223429528,2.074874058817956,0.7608215126495824,migrated_06_train_multistation_london,06_train_multistation.py,migration_pre_P3,2026-08-15T13:09:01,
london,Linear-Transformer,,correlation,,,42,no_checkpoint_saved,9bc15d5d352eaa4f,8,CT3,test,0.9649767592275443,0.44525006517692073,0.7584555109596508,migrated_06_train_multistation_london,06_train_multistation.py,migration_pre_P3,2026-08-15T13:09:01,
london,Linear-Transformer,,correlation,,,42,no_checkpoint_saved,9bc15d5d352eaa4f,8,GN0,test,1.2909352859997856,0.6636271478564755,0.7415797223946533,migrated_06_train_multistation_london,06_train_multistation.py,migration_pre_P3,2026-08-15T13:09:01,
london,Linear-Transformer,,correlation,,,42,no_checkpoint_saved,9bc15d5d352eaa4f,8,KC1,test,1.5125145642142743,0.902033420534509,0.901552744785484,migrated_06_train_multistation_london,06_train_multistation.py,migration_pre_P3,2026-08-15T13:09:01,
london,Linear-Transformer,,correlation,,,42,no_checkpoint_saved,9bc15d5d352eaa4f,8,LH0,test,0.9200449946226681,0.3955377729803126,0.8951224979619998,migrated_06_train_multistation_london,06_train_multistation.py,migration_pre_P3,2026-08-15T13:09:01,
london,Linear-Transformer,,correlation,,,42,no_checkpoint_saved,9bc15d5d352eaa4f,8,RB7,test,2.508997696392035,1.637700503005457,0.7280985663470754,migrated_06_train_multistation_london,06_train_multistation.py,migration_pre_P3,2026-08-15T13:09:01,
london,Linear-Transformer,,correlation,,,42,no_checkpoint_saved,9bc15d5d352eaa4f,8,TH4,test,2.528373268809615,1.630177647601789,0.8669175599917451,migrated_06_train_multistation_london,06_train_multistation.py,migration_pre_P3,2026-08-15T13:09:01,
london,Linear-Transformer,,correlation,,,42,no_checkpoint_saved,9bc15d5d352eaa4f,8,__aggregate__,test,1.859213910834033,1.0204083747244947,0.8450650530364743,migrated_06_train_multistation_london,06_train_multistation.py,migration_pre_P3,2026-08-15T13:09:01,
london,Linear-Transformer,,correlation,,,123,no_checkpoint_saved,9bc15d5d352eaa4f,8,BL0,test,0.9575567566054191,0.6566917563577835,0.8758797079469604,migrated_06_train_multistation_london,06_train_multistation.py,migration_pre_P3,2026-08-15T13:09:01,
london,Linear-Transformer,,correlation,,,123,no_checkpoint_saved,9bc15d5d352eaa4f,8,BT4,test,2.9409933219615696,2.1216879055551314,0.7579890075947056,migrated_06_train_multistation_london,06_train_multistation.py,migration_pre_P3,2026-08-15T13:09:01,
london,Linear-Transformer,,correlation,,,123,no_checkpoint_saved,9bc15d5d352eaa4f,8,CT3,test,1.035955607841083,0.6112381223382074,0.7216150729321229,migrated_06_train_multistation_london,06_train_multistation.py,migration_pre_P3,2026-08-15T13:09:01,
london,Linear-Transformer,,correlation,,,123,no_checkpoint_saved,9bc15d5d352eaa4f,8,GN0,test,1.3523724983970913,0.8387526210997028,0.7163973360745182,migrated_06_train_multistation_london,06_train_multistation.py,migration_pre_P3,2026-08-15T13:09:01,
london,Linear-Transformer,,correlation,,,123,no_checkpoint_saved,9bc15d5d352eaa4f,8,KC1,test,1.593456866875626,1.057745825012833,0.8907339846125801,migrated_06_train_multistation_london,06_train_multistation.py,migration_pre_P3,2026-08-15T13:09:01,
london,Linear-Transformer,,correlation,,,123,no_checkpoint_saved,9bc15d5d352eaa4f,8,LH0,test,1.0543318339234093,0.6642335502646647,0.8622730785327934,migrated_06_train_multistation_london,06_train_multistation.py,migration_pre_P3,2026-08-15T13:09:01,
london,Linear-Transformer,,correlation,,,123,no_checkpoint_saved,9bc15d5d352eaa4f,8,RB7,test,2.536706012529708,1.7528865615913205,0.7220598747404026,migrated_06_train_multistation_london,06_train_multistation.py,migration_pre_P3,2026-08-15T13:09:01,
london,Linear-Transformer,,correlation,,,123,no_checkpoint_saved,9bc15d5d352eaa4f,8,TH4,test,2.5331242022434863,1.6657859388723641,0.8664169536530789,migrated_06_train_multistation_london,06_train_multistation.py,migration_pre_P3,2026-08-15T13:09:01,
london,Linear-Transformer,,correlation,,,123,no_checkpoint_saved,9bc15d5d352eaa4f,8,__aggregate__,test,1.9029841065545867,1.1711277851365007,0.8376841277991227,migrated_06_train_multistation_london,06_train_multistation.py,migration_pre_P3,2026-08-15T13:09:01,
london,Linear-Transformer,,correlation,,,777,no_checkpoint_saved,9bc15d5d352eaa4f,8,BL0,test,0.888951628938793,0.5408877700108841,0.8930280287623692,migrated_06_train_multistation_london,06_train_multistation.py,migration_pre_P3,2026-08-15T13:09:01,
london,Linear-Transformer,,correlation,,,777,no_checkpoint_saved,9bc15d5d352eaa4f,8,BT4,test,2.9064696477237963,2.0715777671920357,0.7636374864331803,migrated_06_train_multistation_london,06_train_multistation.py,migration_pre_P3,2026-08-15T13:09:01,
london,Linear-Transformer,,correlation,,,777,no_checkpoint_saved,9bc15d5d352eaa4f,8,CT3,test,0.9721194192169965,0.4638821630114498,0.7548665016322351,migrated_06_train_multistation_london,06_train_multistation.py,migration_pre_P3,2026-08-15T13:09:01,
london,Linear-Transformer,,correlation,,,777,no_checkpoint_saved,9bc15d5d352eaa4f,8,GN0,test,1.2931093920436396,0.7041405687938921,0.7407085614709887,migrated_06_train_multistation_london,06_train_multistation.py,migration_pre_P3,2026-08-15T13:09:01,
london,Linear-Transformer,,correlation,,,777,no_checkpoint_saved,9bc15d5d352eaa4f,8,KC1,test,1.5299286912324603,0.9772466461618962,0.8992727771794625,migrated_06_train_multistation_london,06_train_multistation.py,migration_pre_P3,2026-08-15T13:09:01,
london,Linear-Transformer,,correlation,,,777,no_checkpoint_saved,9bc15d5d352eaa4f,8,LH0,test,0.9861918459653549,0.5651169750866089,0.8795000086690784,migrated_06_train_multistation_london,06_train_multistation.py,migration_pre_P3,2026-08-15T13:09:01,
london,Linear-Transformer,,correlation,,,777,no_checkpoint_saved,9bc15d5d352eaa4f,8,RB7,test,2.5083928975128056,1.6952654205402786,0.7282296353094675,migrated_06_train_multistation_london,06_train_multistation.py,migration_pre_P3,2026-08-15T13:09:01,
london,Linear-Transformer,,correlation,,,777,no_checkpoint_saved,9bc15d5d352eaa4f,8,TH4,test,2.5265475586610444,1.6400385777528403,0.8671096852933102,migrated_06_train_multistation_london,06_train_multistation.py,migration_pre_P3,2026-08-15T13:09:01,
london,Linear-Transformer,,correlation,,,777,no_checkpoint_saved,9bc15d5d352eaa4f,8,__aggregate__,test,1.8655991841937969,1.0822694860687359,0.8439990102212338,migrated_06_train_multistation_london,06_train_multistation.py,migration_pre_P3,2026-08-15T13:09:01,
london,GCN-Transformer,,correlation,5,,42,no_checkpoint_saved,9bc15d5d352eaa4f,8,BL0,test,2.6282794302696653,1.6595201447825538,0.06490268280313316,migrated_06_train_multistation_london,06_train_multistation.py,migration_pre_P3,2026-08-15T13:09:01,
london,GCN-Transformer,,correlation,5,,42,no_checkpoint_saved,9bc15d5d352eaa4f,8,BT4,test,4.133688303632492,2.9288324167469404,0.5218959001848218,migrated_06_train_multistation_london,06_train_multistation.py,migration_pre_P3,2026-08-15T13:09:01,
london,GCN-Transformer,,correlation,5,,42,no_checkpoint_saved,9bc15d5d352eaa4f,8,CT3,test,3.080562410473062,2.6405488886455033,-1.4616338158603175,migrated_06_train_multistation_london,06_train_multistation.py,migration_pre_P3,2026-08-15T13:09:01,
london,GCN-Transformer,,correlation,5,,42,no_checkpoint_saved,9bc15d5d352eaa4f,8,GN0,test,2.8906234324815996,2.2365191759116767,-0.2956887347591579,migrated_06_train_multistation_london,06_train_multistation.py,migration_pre_P3,2026-08-15T13:09:01,
london,GCN-Transformer,,correlation,5,,42,no_checkpoint_saved,9bc15d5d352eaa4f,8,KC1,test,2.7008402814442545,1.6889425013500932,0.6860920706223802,migrated_06_train_multistation_london,06_train_multistation.py,migration_pre_P3,2026-08-15T13:09:01,
london,GCN-Transformer,,correlation,5,,42,no_checkpoint_saved,9bc15d5d352eaa4f,8,LH0,test,3.2344244041882937,2.2188512162901324,-0.29615879542231394,migrated_06_train_multistation_london,06_train_multistation.py,migration_pre_P3,2026-08-15T13:09:01,
london,GCN-Transformer,,correlation,5,,42,no_checkpoint_saved,9bc15d5d352eaa4f,8,RB7,test,3.6769680790341064,2.72066485096966,0.41602979195141754,migrated_06_train_multistation_london,06_train_multistation.py,migration_pre_P3,2026-08-15T13:09:01,
london,GCN-Transformer,,correlation,5,,42,no_checkpoint_saved,9bc15d5d352eaa4f,8,TH4,test,5.120277051352704,3.040287353503408,0.45421034958337825,migrated_06_train_multistation_london,06_train_multistation.py,migration_pre_P3,2026-08-15T13:09:01,
london,GCN-Transformer,,correlation,5,,42,no_checkpoint_saved,9bc15d5d352eaa4f,8,__aggregate__,test,3.5237439453215735,2.3917708185249955,0.44345619511943646,migrated_06_train_multistation_london,06_train_multistation.py,migration_pre_P3,2026-08-15T13:09:01,
london,GCN-Transformer,,correlation,5,,123,no_checkpoint_saved,9bc15d5d352eaa4f,8,BL0,test,2.7810759701322194,1.748707196776749,-0.04698255114079619,migrated_06_train_multistation_london,06_train_multistation.py,migration_pre_P3,2026-08-15T13:09:01,
london,GCN-Transformer,,correlation,5,,123,no_checkpoint_saved,9bc15d5d352eaa4f,8,BT4,test,4.059319649754462,2.8470137394424526,0.538944170105178,migrated_06_train_multistation_london,06_train_multistation.py,migration_pre_P3,2026-08-15T13:09:01,
london,GCN-Transformer,,correlation,5,,123,no_checkpoint_saved,9bc15d5d352eaa4f,8,CT3,test,2.9900161789731774,2.5299960953301874,-1.3190520820816203,migrated_06_train_multistation_london,06_train_multistation.py,migration_pre_P3,2026-08-15T13:09:01,
london,GCN-Transformer,,correlation,5,,123,no_checkpoint_saved,9bc15d5d352eaa4f,8,GN0,test,2.8108660082440284,2.15934288187325,-0.2251744525576207,migrated_06_train_multistation_london,06_train_multistation.py,migration_pre_P3,2026-08-15T13:09:01,
london,GCN-Transformer,,correlation,5,,123,no_checkpoint_saved,9bc15d5d352eaa4f,8,KC1,test,2.709473448058767,1.7803625860530585,0.6840820660113062,migrated_06_train_multistation_london,06_train_multistation.py,migration_pre_P3,2026-08-15T13:09:01,
london,GCN-Transformer,,correlation,5,,123,no_checkpoint_saved,9bc15d5d352eaa4f,8,LH0,test,3.4123255641865,2.359138246487619,-0.44266375366257593,migrated_06_train_multistation_london,06_train_multistation.py,migration_pre_P3,2026-08-15T13:09:01,
london,GCN-Transformer,,correlation,5,,123,no_checkpoint_saved,9bc15d5d352eaa4f,8,RB7,test,3.724020655337108,2.785420145074266,0.4009885352523882,migrated_06_train_multistation_london,06_train_multistation.py,migration_pre_P3,2026-08-15T13:09:01,
london,GCN-Transformer,,correlation,5,,123,no_checkpoint_saved,9bc15d5d352eaa4f,8,TH4,test,5.0612708188177296,2.9780859448348997,0.4667172608484137,migrated_06_train_multistation_london,06_train_multistation.py,migration_pre_P3,2026-08-15T13:09:01,
london,GCN-Transformer,,correlation,5,,123,no_checkpoint_saved,9bc15d5d352eaa4f,8,__aggregate__,test,3.5271027115375113,2.3985083544840604,0.44239471536975394,migrated_06_train_multistation_london,06_train_multistation.py,migration_pre_P3,2026-08-15T13:09:01,
london,GCN-Transformer,,correlation,5,,777,no_checkpoint_saved,9bc15d5d352eaa4f,8,BL0,test,2.740278091397151,1.8560569980921895,-0.016489778260924348,migrated_06_train_multistation_london,06_train_multistation.py,migration_pre_P3,2026-08-15T13:09:01,
london,GCN-Transformer,,correlation,5,,777,no_checkpoint_saved,9bc15d5d352eaa4f,8,BT4,test,4.119012727376934,2.834022475940952,0.5252846405164606,migrated_06_train_multistation_london,06_train_multistation.py,migration_pre_P3,2026-08-15T13:09:01,
london,GCN-Transformer,,correlation,5,,777,no_checkpoint_saved,9bc15d5d352eaa4f,8,CT3,test,2.851622716470398,2.358076818761106,-1.1093447050826364,migrated_06_train_multistation_london,06_train_multistation.py,migration_pre_P3,2026-08-15T13:09:01,
london,GCN-Transformer,,correlation,5,,777,no_checkpoint_saved,9bc15d5d352eaa4f,8,GN0,test,2.849660955304009,2.136463544848768,-0.25922700512726204,migrated_06_train_multistation_london,06_train_multistation.py,migration_pre_P3,2026-08-15T13:09:01,
london,GCN-Transformer,,correlation,5,,777,no_checkpoint_saved,9bc15d5d352eaa4f,8,KC1,test,2.826064687078377,1.8565745877348712,0.6563085894420394,migrated_06_train_multistation_london,06_train_multistation.py,migration_pre_P3,2026-08-15T13:09:01,
london,GCN-Transformer,,correlation,5,,777,no_checkpoint_saved,9bc15d5d352eaa4f,8,LH0,test,3.398756997171998,2.4984650493766742,-0.4312135205218146,migrated_06_train_multistation_london,06_train_multistation.py,migration_pre_P3,2026-08-15T13:09:01,
london,GCN-Transformer,,correlation,5,,777,no_checkpoint_saved,9bc15d5d352eaa4f,8,RB7,test,3.772405713666492,2.8432705990003524,0.38532187155388187,migrated_06_train_multistation_london,06_train_multistation.py,migration_pre_P3,2026-08-15T13:09:01,
london,GCN-Transformer,,correlation,5,,777,no_checkpoint_saved,9bc15d5d352eaa4f,8,TH4,test,5.1056086690961004,2.985761825166018,0.4573329867801842,migrated_06_train_multistation_london,06_train_multistation.py,migration_pre_P3,2026-08-15T13:09:01,
london,GCN-Transformer,,correlation,5,,777,no_checkpoint_saved,9bc15d5d352eaa4f,8,__aggregate__,test,3.545493354872993,2.4210864873651166,0.43656474369797915,migrated_06_train_multistation_london,06_train_multistation.py,migration_pre_P3,2026-08-15T13:09:01,
madrid,Linear-Transformer,,distance,,,42,no_checkpoint_saved,9bc15d5d352eaa4f,7,CASA DE CAMPO,test,3.565618215371027,2.3222037712057237,0.6480983789669453,migrated_06_train_multistation_madrid,06_train_multistation.py,migration_pre_P3,2026-08-15T13:09:01,
madrid,Linear-Transformer,,distance,,,42,no_checkpoint_saved,9bc15d5d352eaa4f,7,CASTELLANA,test,5.030314605968155,3.093840701065708,0.8921518521657353,migrated_06_train_multistation_madrid,06_train_multistation.py,migration_pre_P3,2026-08-15T13:09:01,
madrid,Linear-Transformer,,distance,,,42,no_checkpoint_saved,9bc15d5d352eaa4f,7,CUATRO CAMINOS-PABLO,test,4.029038921385193,2.5650744047906993,0.8282500831230457,migrated_06_train_multistation_madrid,06_train_multistation.py,migration_pre_P3,2026-08-15T13:09:01,
madrid,Linear-Transformer,,distance,,,42,no_checkpoint_saved,9bc15d5d352eaa4f,7,ESCUELAS AGUIRRE,test,5.2548437965844865,3.1928506637648124,0.7489130506380569,migrated_06_train_multistation_madrid,06_train_multistation.py,migration_pre_P3,2026-08-15T13:09:01,
madrid,Linear-Transformer,,distance,,,42,no_checkpoint_saved,9bc15d5d352eaa4f,7,MENDEZ ALVARO,test,4.525334869725106,2.869382965176354,0.7928174001790561,migrated_06_train_multistation_madrid,06_train_multistation.py,migration_pre_P3,2026-08-15T13:09:01,
madrid,Linear-Transformer,,distance,,,42,no_checkpoint_saved,9bc15d5d352eaa4f,7,PLAZA CASTILLA-CANAL,test,4.546123127236333,2.87641142891078,0.7666744878735113,migrated_06_train_multistation_madrid,06_train_multistation.py,migration_pre_P3,2026-08-15T13:09:01,
madrid,Linear-Transformer,,distance,,,42,no_checkpoint_saved,9bc15d5d352eaa4f,7,PLAZA ELÍPTICA,test,5.17535807808252,3.225217887894894,0.7365791537584051,migrated_06_train_multistation_madrid,06_train_multistation.py,migration_pre_P3,2026-08-15T13:09:01,
madrid,Linear-Transformer,,distance,,,42,no_checkpoint_saved,9bc15d5d352eaa4f,7,__aggregate__,test,4.625927839855612,2.877854546115567,0.813484875278712,migrated_06_train_multistation_madrid,06_train_multistation.py,migration_pre_P3,2026-08-15T13:09:01,
madrid,Linear-Transformer,,distance,,,123,no_checkpoint_saved,9bc15d5d352eaa4f,7,CASA DE CAMPO,test,3.554671795783261,2.3502497475920903,0.6502557327070475,migrated_06_train_multistation_madrid,06_train_multistation.py,migration_pre_P3,2026-08-15T13:09:01,
madrid,Linear-Transformer,,distance,,,123,no_checkpoint_saved,9bc15d5d352eaa4f,7,CASTELLANA,test,5.01975861758454,3.1938392912804567,0.8926040104846529,migrated_06_train_multistation_madrid,06_train_multistation.py,migration_pre_P3,2026-08-15T13:09:01,
madrid,Linear-Transformer,,distance,,,123,no_checkpoint_saved,9bc15d5d352eaa4f,7,CUATRO CAMINOS-PABLO,test,3.9985359011754884,2.5430687008207222,0.8308408051322564,migrated_06_train_multistation_madrid,06_train_multistation.py,migration_pre_P3,2026-08-15T13:09:01,
madrid,Linear-Transformer,,distance,,,123,no_checkpoint_saved,9bc15d5d352eaa4f,7,ESCUELAS AGUIRRE,test,5.233162857160757,3.195615806781954,0.7509806937007327,migrated_06_train_multistation_madrid,06_train_multistation.py,migration_pre_P3,2026-08-15T13:09:01,
madrid,Linear-Transformer,,distance,,,123,no_checkpoint_saved,9bc15d5d352eaa4f,7,MENDEZ ALVARO,test,4.482912636742261,2.856794122155377,0.7966836122224943,migrated_06_train_multistation_madrid,06_train_multistation.py,migration_pre_P3,2026-08-15T13:09:01,
madrid,Linear-Transformer,,distance,,,123,no_checkpoint_saved,9bc15d5d352eaa4f,7,PLAZA CASTILLA-CANAL,test,4.513571745619829,2.865527268255235,0.7700038638183813,migrated_06_train_multistation_madrid,06_train_multistation.py,migration_pre_P3,2026-08-15T13:09:01,
madrid,Linear-Transformer,,distance,,,123,no_checkpoint_saved,9bc15d5d352eaa4f,7,PLAZA ELÍPTICA,test,5.151176520811867,3.212690094809071,0.7390350397590284,migrated_06_train_multistation_madrid,06_train_multistation.py,migration_pre_P3,2026-08-15T13:09:01,
madrid,Linear-Transformer,,distance,,,123,no_checkpoint_saved,9bc15d5d352eaa4f,7,__aggregate__,test,4.601419131361106,2.8882550045278435,0.8154559978226508,migrated_06_train_multistation_madrid,06_train_multistation.py,migration_pre_P3,2026-08-15T13:09:01,
madrid,Linear-Transformer,,distance,,,777,no_checkpoint_saved,9bc15d5d352eaa4f,7,CASA DE CAMPO,test,3.579315400557461,2.3153469942402825,0.6453895529403086,migrated_06_train_multistation_madrid,06_train_multistation.py,migration_pre_P3,2026-08-15T13:09:01,
madrid,Linear-Transformer,,distance,,,777,no_checkpoint_saved,9bc15d5d352eaa4f,7,CASTELLANA,test,5.029874946854012,3.0748520763049454,0.8921707036105097,migrated_06_train_multistation_madrid,06_train_multistation.py,migration_pre_P3,2026-08-15T13:09:01,
madrid,Linear-Transformer,,distance,,,777,no_checkpoint_saved,9bc15d5d352eaa4f,7,CUATRO CAMINOS-PABLO,test,4.022738911636488,2.5255410692686593,0.8287867769680329,migrated_06_train_multistation_madrid,06_train_multistation.py,migration_pre_P3,2026-08-15T13:09:01,
madrid,Linear-Transformer,,distance,,,777,no_checkpoint_saved,9bc15d5d352eaa4f,7,ESCUELAS AGUIRRE,test,5.27558013428239,3.1571773017571205,0.7469274933111891,migrated_06_train_multistation_madrid,06_train_multistation.py,migration_pre_P3,2026-08-15T13:09:01,
madrid,Linear-Transformer,,distance,,,777,no_checkpoint_saved,9bc15d5d352eaa4f,7,MENDEZ ALVARO,test,4.5122130974039845,2.8286004163807066,0.7940171617516099,migrated_06_train_multistation_madrid,06_train_multistation.py,migration_pre_P3,2026-08-15T13:09:01,
madrid,Linear-Transformer,,distance,,,777,no_checkpoint_saved,9bc15d5d352eaa4f,7,PLAZA CASTILLA-CANAL,test,4.54364688260292,2.83416919747147,0.7669286005215634,migrated_06_train_multistation_madrid,06_train_multistation.py,migration_pre_P3,2026-08-15T13:09:01,
madrid,Linear-Transformer,,distance,,,777,no_checkpoint_saved,9bc15d5d352eaa4f,7,PLAZA ELÍPTICA,test,5.196762652702138,3.1982388091029987,0.7343957025173594,migrated_06_train_multistation_madrid,06_train_multistation.py,migration_pre_P3,2026-08-15T13:09:01,
madrid,Linear-Transformer,,distance,,,777,no_checkpoint_saved,9bc15d5d352eaa4f,7,__aggregate__,test,4.631205503673312,2.847703694932312,0.813059046911424,migrated_06_train_multistation_madrid,06_train_multistation.py,migration_pre_P3,2026-08-15T13:09:01,
madrid,GCN-Transformer,,distance,5,,42,no_checkpoint_saved,9bc15d5d352eaa4f,7,CASA DE CAMPO,test,4.644025807597535,3.3732432281377753,0.40304604071089634,migrated_06_train_multistation_madrid,06_train_multistation.py,migration_pre_P3,2026-08-15T13:09:01,
madrid,GCN-Transformer,,distance,5,,42,no_checkpoint_saved,9bc15d5d352eaa4f,7,CASTELLANA,test,12.611291521855131,7.30445568291025,0.3221376299102078,migrated_06_train_multistation_madrid,06_train_multistation.py,migration_pre_P3,2026-08-15T13:09:01,
madrid,GCN-Transformer,,distance,5,,42,no_checkpoint_saved,9bc15d5d352eaa4f,7,CUATRO CAMINOS-PABLO,test,6.5204766458665615,4.277375542515286,0.5501659796295151,migrated_06_train_multistation_madrid,06_train_multistation.py,migration_pre_P3,2026-08-15T13:09:01,
madrid,GCN-Transformer,,distance,5,,42,no_checkpoint_saved,9bc15d5d352eaa4f,7,ESCUELAS AGUIRRE,test,7.744780875768439,5.618994848154756,0.45459038754212844,migrated_06_train_multistation_madrid,06_train_multistation.py,migration_pre_P3,2026-08-15T13:09:01,
madrid,GCN-Transformer,,distance,5,,42,no_checkpoint_saved,9bc15d5d352eaa4f,7,MENDEZ ALVARO,test,6.052873655434468,4.007757244513967,0.6293405713602958,migrated_06_train_multistation_madrid,06_train_multistation.py,migration_pre_P3,2026-08-15T13:09:01,
madrid,GCN-Transformer,,distance,5,,42,no_checkpoint_saved,9bc15d5d352eaa4f,7,PLAZA CASTILLA-CANAL,test,6.4879084931026325,4.537337352929407,0.5247859509420483,migrated_06_train_multistation_madrid,06_train_multistation.py,migration_pre_P3,2026-08-15T13:09:01,
madrid,GCN-Transformer,,distance,5,,42,no_checkpoint_saved,9bc15d5d352eaa4f,7,PLAZA ELÍPTICA,test,7.17714445222276,5.076117746456099,0.49339122508790056,migrated_06_train_multistation_madrid,06_train_multistation.py,migration_pre_P3,2026-08-15T13:09:01,
madrid,GCN-Transformer,,distance,5,,42,no_checkpoint_saved,9bc15d5d352eaa4f,7,__aggregate__,test,7.684414046305536,4.88504023508822,0.48531932536482036,migrated_06_train_multistation_madrid,06_train_multistation.py,migration_pre_P3,2026-08-15T13:09:01,
madrid,GCN-Transformer,,distance,5,,123,no_checkpoint_saved,9bc15d5d352eaa4f,7,CASA DE CAMPO,test,4.835908454297953,3.5331731143812832,0.35269683613234726,migrated_06_train_multistation_madrid,06_train_multistation.py,migration_pre_P3,2026-08-15T13:09:01,
madrid,GCN-Transformer,,distance,5,,123,no_checkpoint_saved,9bc15d5d352eaa4f,7,CASTELLANA,test,12.376156655920258,7.0693244145084675,0.34717918721658036,migrated_06_train_multistation_madrid,06_train_multistation.py,migration_pre_P3,2026-08-15T13:09:01,
madrid,GCN-Transformer,,distance,5,,123,no_checkpoint_saved,9bc15d5d352eaa4f,7,CUATRO CAMINOS-PABLO,test,6.430537809793089,4.229600364626744,0.5624897801795354,migrated_06_train_multistation_madrid,06_train_multistation.py,migration_pre_P3,2026-08-15T13:09:01,
madrid,GCN-Transformer,,distance,5,,123,no_checkpoint_saved,9bc15d5d352eaa4f,7,ESCUELAS AGUIRRE,test,7.573618954966376,5.524709975029194,0.4784314206553878,migrated_06_train_multistation_madrid,06_train_multistation.py,migration_pre_P3,2026-08-15T13:09:01,
madrid,GCN-Transformer,,distance,5,,123,no_checkpoint_saved,9bc15d5d352eaa4f,7,MENDEZ ALVARO,test,5.96098800438638,3.9756354429360474,0.6405087450089608,migrated_06_train_multistation_madrid,06_train_multistation.py,migration_pre_P3,2026-08-15T13:09:01,
madrid,GCN-Transformer,,distance,5,,123,no_checkpoint_saved,9bc15d5d352eaa4f,7,PLAZA CASTILLA-CANAL,test,6.559766751648207,4.5926435030221455,0.5142009800897772,migrated_06_train_multistation_madrid,06_train_multistation.py,migration_pre_P3,2026-08-15T13:09:01,
madrid,GCN-Transformer,,distance,5,,123,no_checkpoint_saved,9bc15d5d352eaa4f,7,PLAZA ELÍPTICA,test,7.125142206425359,5.057070867002746,0.5007059316978513,migrated_06_train_multistation_madrid,06_train_multistation.py,migration_pre_P3,2026-08-15T13:09:01,
madrid,GCN-Transformer,,distance,5,,123,no_checkpoint_saved,9bc15d5d352eaa4f,7,__aggregate__,test,7.602615659238468,4.854593954500947,0.49621826373647304,migrated_06_train_multistation_madrid,06_train_multistation.py,migration_pre_P3,2026-08-15T13:09:01,
madrid,GCN-Transformer,,distance,5,,777,no_checkpoint_saved,9bc15d5d352eaa4f,7,CASA DE CAMPO,test,4.760721727612801,3.587325561184883,0.3726683747708842,migrated_06_train_multistation_madrid,06_train_multistation.py,migration_pre_P3,2026-08-15T13:09:01,
madrid,GCN-Transformer,,distance,5,,777,no_checkpoint_saved,9bc15d5d352eaa4f,7,CASTELLANA,test,12.389451598059559,7.108788281158789,0.3457758635600543,migrated_06_train_multistation_madrid,06_train_multistation.py,migration_pre_P3,2026-08-15T13:09:01,
madrid,GCN-Transformer,,distance,5,,777,no_checkpoint_saved,9bc15d5d352eaa4f,7,CUATRO CAMINOS-PABLO,test,6.642635084493532,4.41749858089495,0.5331531853397231,migrated_06_train_multistation_madrid,06_train_multistation.py,migration_pre_P3,2026-08-15T13:09:01,
madrid,GCN-Transformer,,distance,5,,777,no_checkpoint_saved,9bc15d5d352eaa4f,7,ESCUELAS AGUIRRE,test,7.576433226965713,5.491683189058187,0.4780437305503018,migrated_06_train_multistation_madrid,06_train_multistation.py,migration_pre_P3,2026-08-15T13:09:01,
madrid,GCN-Transformer,,distance,5,,777,no_checkpoint_saved,9bc15d5d352eaa4f,7,MENDEZ ALVARO,test,5.881157044453347,4.017351943881241,0.65007305320474,migrated_06_train_multistation_madrid,06_train_multistation.py,migration_pre_P3,2026-08-15T13:09:01,
madrid,GCN-Transformer,,distance,5,,777,no_checkpoint_saved,9bc15d5d352eaa4f,7,PLAZA CASTILLA-CANAL,test,6.605164508067039,4.616558808762481,0.5074536365011949,migrated_06_train_multistation_madrid,06_train_multistation.py,migration_pre_P3,2026-08-15T13:09:01,
madrid,GCN-Transformer,,distance,5,,777,no_checkpoint_saved,9bc15d5d352eaa4f,7,PLAZA ELÍPTICA,test,6.9576674125284255,4.78366499418992,0.5239016643022918,migrated_06_train_multistation_madrid,06_train_multistation.py,migration_pre_P3,2026-08-15T13:09:01,
madrid,GCN-Transformer,,distance,5,,777,no_checkpoint_saved,9bc15d5d352eaa4f,7,__aggregate__,test,7.599955505136211,4.860410194161493,0.49657074836953663,migrated_06_train_multistation_madrid,06_train_multistation.py,migration_pre_P3,2026-08-15T13:09:01,
madrid,Linear-Transformer,,correlation,,,42,no_checkpoint_saved,9bc15d5d352eaa4f,7,CASA DE CAMPO,test,3.565618215371027,2.3222037712057237,0.6480983789669453,migrated_06_train_multistation_madrid,06_train_multistation.py,migration_pre_P3,2026-08-15T13:09:01,
madrid,Linear-Transformer,,correlation,,,42,no_checkpoint_saved,9bc15d5d352eaa4f,7,CASTELLANA,test,5.030314605968155,3.093840701065708,0.8921518521657353,migrated_06_train_multistation_madrid,06_train_multistation.py,migration_pre_P3,2026-08-15T13:09:01,
madrid,Linear-Transformer,,correlation,,,42,no_checkpoint_saved,9bc15d5d352eaa4f,7,CUATRO CAMINOS-PABLO,test,4.029038921385193,2.5650744047906993,0.8282500831230457,migrated_06_train_multistation_madrid,06_train_multistation.py,migration_pre_P3,2026-08-15T13:09:01,
madrid,Linear-Transformer,,correlation,,,42,no_checkpoint_saved,9bc15d5d352eaa4f,7,ESCUELAS AGUIRRE,test,5.2548437965844865,3.1928506637648124,0.7489130506380569,migrated_06_train_multistation_madrid,06_train_multistation.py,migration_pre_P3,2026-08-15T13:09:01,
madrid,Linear-Transformer,,correlation,,,42,no_checkpoint_saved,9bc15d5d352eaa4f,7,MENDEZ ALVARO,test,4.525334869725106,2.869382965176354,0.7928174001790561,migrated_06_train_multistation_madrid,06_train_multistation.py,migration_pre_P3,2026-08-15T13:09:01,
madrid,Linear-Transformer,,correlation,,,42,no_checkpoint_saved,9bc15d5d352eaa4f,7,PLAZA CASTILLA-CANAL,test,4.546123127236333,2.87641142891078,0.7666744878735113,migrated_06_train_multistation_madrid,06_train_multistation.py,migration_pre_P3,2026-08-15T13:09:01,
madrid,Linear-Transformer,,correlation,,,42,no_checkpoint_saved,9bc15d5d352eaa4f,7,PLAZA ELÍPTICA,test,5.17535807808252,3.225217887894894,0.7365791537584051,migrated_06_train_multistation_madrid,06_train_multistation.py,migration_pre_P3,2026-08-15T13:09:01,
madrid,Linear-Transformer,,correlation,,,42,no_checkpoint_saved,9bc15d5d352eaa4f,7,__aggregate__,test,4.625927839855612,2.877854546115567,0.813484875278712,migrated_06_train_multistation_madrid,06_train_multistation.py,migration_pre_P3,2026-08-15T13:09:01,
madrid,Linear-Transformer,,correlation,,,123,no_checkpoint_saved,9bc15d5d352eaa4f,7,CASA DE CAMPO,test,3.554671795783261,2.3502497475920903,0.6502557327070475,migrated_06_train_multistation_madrid,06_train_multistation.py,migration_pre_P3,2026-08-15T13:09:01,
madrid,Linear-Transformer,,correlation,,,123,no_checkpoint_saved,9bc15d5d352eaa4f,7,CASTELLANA,test,5.01975861758454,3.1938392912804567,0.8926040104846529,migrated_06_train_multistation_madrid,06_train_multistation.py,migration_pre_P3,2026-08-15T13:09:01,
madrid,Linear-Transformer,,correlation,,,123,no_checkpoint_saved,9bc15d5d352eaa4f,7,CUATRO CAMINOS-PABLO,test,3.9985359011754884,2.5430687008207222,0.8308408051322564,migrated_06_train_multistation_madrid,06_train_multistation.py,migration_pre_P3,2026-08-15T13:09:01,
madrid,Linear-Transformer,,correlation,,,123,no_checkpoint_saved,9bc15d5d352eaa4f,7,ESCUELAS AGUIRRE,test,5.233162857160757,3.195615806781954,0.7509806937007327,migrated_06_train_multistation_madrid,06_train_multistation.py,migration_pre_P3,2026-08-15T13:09:01,
madrid,Linear-Transformer,,correlation,,,123,no_checkpoint_saved,9bc15d5d352eaa4f,7,MENDEZ ALVARO,test,4.482912636742261,2.856794122155377,0.7966836122224943,migrated_06_train_multistation_madrid,06_train_multistation.py,migration_pre_P3,2026-08-15T13:09:01,
madrid,Linear-Transformer,,correlation,,,123,no_checkpoint_saved,9bc15d5d352eaa4f,7,PLAZA CASTILLA-CANAL,test,4.513571745619829,2.865527268255235,0.7700038638183813,migrated_06_train_multistation_madrid,06_train_multistation.py,migration_pre_P3,2026-08-15T13:09:01,
madrid,Linear-Transformer,,correlation,,,123,no_checkpoint_saved,9bc15d5d352eaa4f,7,PLAZA ELÍPTICA,test,5.151176520811867,3.212690094809071,0.7390350397590284,migrated_06_train_multistation_madrid,06_train_multistation.py,migration_pre_P3,2026-08-15T13:09:01,
madrid,Linear-Transformer,,correlation,,,123,no_checkpoint_saved,9bc15d5d352eaa4f,7,__aggregate__,test,4.601419131361106,2.8882550045278435,0.8154559978226508,migrated_06_train_multistation_madrid,06_train_multistation.py,migration_pre_P3,2026-08-15T13:09:01,
madrid,Linear-Transformer,,correlation,,,777,no_checkpoint_saved,9bc15d5d352eaa4f,7,CASA DE CAMPO,test,3.579315400557461,2.3153469942402825,0.6453895529403086,migrated_06_train_multistation_madrid,06_train_multistation.py,migration_pre_P3,2026-08-15T13:09:01,
madrid,Linear-Transformer,,correlation,,,777,no_checkpoint_saved,9bc15d5d352eaa4f,7,CASTELLANA,test,5.029874946854012,3.0748520763049454,0.8921707036105097,migrated_06_train_multistation_madrid,06_train_multistation.py,migration_pre_P3,2026-08-15T13:09:01,
madrid,Linear-Transformer,,correlation,,,777,no_checkpoint_saved,9bc15d5d352eaa4f,7,CUATRO CAMINOS-PABLO,test,4.022738911636488,2.5255410692686593,0.8287867769680329,migrated_06_train_multistation_madrid,06_train_multistation.py,migration_pre_P3,2026-08-15T13:09:01,
madrid,Linear-Transformer,,correlation,,,777,no_checkpoint_saved,9bc15d5d352eaa4f,7,ESCUELAS AGUIRRE,test,5.27558013428239,3.1571773017571205,0.7469274933111891,migrated_06_train_multistation_madrid,06_train_multistation.py,migration_pre_P3,2026-08-15T13:09:01,
madrid,Linear-Transformer,,correlation,,,777,no_checkpoint_saved,9bc15d5d352eaa4f,7,MENDEZ ALVARO,test,4.5122130974039845,2.8286004163807066,0.7940171617516099,migrated_06_train_multistation_madrid,06_train_multistation.py,migration_pre_P3,2026-08-15T13:09:01,
madrid,Linear-Transformer,,correlation,,,777,no_checkpoint_saved,9bc15d5d352eaa4f,7,PLAZA CASTILLA-CANAL,test,4.54364688260292,2.83416919747147,0.7669286005215634,migrated_06_train_multistation_madrid,06_train_multistation.py,migration_pre_P3,2026-08-15T13:09:01,
madrid,Linear-Transformer,,correlation,,,777,no_checkpoint_saved,9bc15d5d352eaa4f,7,PLAZA ELÍPTICA,test,5.196762652702138,3.1982388091029987,0.7343957025173594,migrated_06_train_multistation_madrid,06_train_multistation.py,migration_pre_P3,2026-08-15T13:09:01,
madrid,Linear-Transformer,,correlation,,,777,no_checkpoint_saved,9bc15d5d352eaa4f,7,__aggregate__,test,4.631205503673312,2.847703694932312,0.813059046911424,migrated_06_train_multistation_madrid,06_train_multistation.py,migration_pre_P3,2026-08-15T13:09:01,
madrid,GCN-Transformer,,correlation,5,,42,no_checkpoint_saved,9bc15d5d352eaa4f,7,CASA DE CAMPO,test,6.134113080680566,4.471791373571772,-0.04149009407714188,migrated_06_train_multistation_madrid,06_train_multistation.py,migration_pre_P3,2026-08-15T13:09:01,
madrid,GCN-Transformer,,correlation,5,,42,no_checkpoint_saved,9bc15d5d352eaa4f,7,CASTELLANA,test,12.912277061026586,7.57566829330941,0.2893953119504826,migrated_06_train_multistation_madrid,06_train_multistation.py,migration_pre_P3,2026-08-15T13:09:01,
madrid,GCN-Transformer,,correlation,5,,42,no_checkpoint_saved,9bc15d5d352eaa4f,7,CUATRO CAMINOS-PABLO,test,6.913690533296272,4.5147070442450365,0.4942760958910142,migrated_06_train_multistation_madrid,06_train_multistation.py,migration_pre_P3,2026-08-15T13:09:01,
madrid,GCN-Transformer,,correlation,5,,42,no_checkpoint_saved,9bc15d5d352eaa4f,7,ESCUELAS AGUIRRE,test,7.448235482830207,5.179468410045246,0.4955579104433332,migrated_06_train_multistation_madrid,06_train_multistation.py,migration_pre_P3,2026-08-15T13:09:01,
madrid,GCN-Transformer,,correlation,5,,42,no_checkpoint_saved,9bc15d5d352eaa4f,7,MENDEZ ALVARO,test,5.861249127772105,3.830126095865919,0.6524380728223336,migrated_06_train_multistation_madrid,06_train_multistation.py,migration_pre_P3,2026-08-15T13:09:01,
madrid,GCN-Transformer,,correlation,5,,42,no_checkpoint_saved,9bc15d5d352eaa4f,7,PLAZA CASTILLA-CANAL,test,6.80738826188152,4.7074627530338455,0.47683234870770574,migrated_06_train_multistation_madrid,06_train_multistation.py,migration_pre_P3,2026-08-15T13:09:01,
madrid,GCN-Transformer,,correlation,5,,42,no_checkpoint_saved,9bc15d5d352eaa4f,7,PLAZA ELÍPTICA,test,8.703295525263906,6.321314468540976,0.2550334129401691,migrated_06_train_multistation_madrid,06_train_multistation.py,migration_pre_P3,2026-08-15T13:09:01,
madrid,GCN-Transformer,,correlation,5,,42,no_checkpoint_saved,9bc15d5d352eaa4f,7,__aggregate__,test,8.142232934091776,5.228648348373172,0.42216560082070076,migrated_06_train_multistation_madrid,06_train_multistation.py,migration_pre_P3,2026-08-15T13:09:01,
madrid,GCN-Transformer,,correlation,5,,123,no_checkpoint_saved,9bc15d5d352eaa4f,7,CASA DE CAMPO,test,6.255487270957547,4.527730676664714,-0.08311327159697024,migrated_06_train_multistation_madrid,06_train_multistation.py,migration_pre_P3,2026-08-15T13:09:01,
madrid,GCN-Transformer,,correlation,5,,123,no_checkpoint_saved,9bc15d5d352eaa4f,7,CASTELLANA,test,13.243215995656996,7.668933825655268,0.2525032294058033,migrated_06_train_multistation_madrid,06_train_multistation.py,migration_pre_P3,2026-08-15T13:09:01,
madrid,GCN-Transformer,,correlation,5,,123,no_checkpoint_saved,9bc15d5d352eaa4f,7,CUATRO CAMINOS-PABLO,test,6.730751475834876,4.385999446900477,0.5206853312487435,migrated_06_train_multistation_madrid,06_train_multistation.py,migration_pre_P3,2026-08-15T13:09:01,
madrid,GCN-Transformer,,correlation,5,,123,no_checkpoint_saved,9bc15d5d352eaa4f,7,ESCUELAS AGUIRRE,test,7.024291359988859,4.950167657056909,0.5513480568525579,migrated_06_train_multistation_madrid,06_train_multistation.py,migration_pre_P3,2026-08-15T13:09:01,
madrid,GCN-Transformer,,correlation,5,,123,no_checkpoint_saved,9bc15d5d352eaa4f,7,MENDEZ ALVARO,test,5.884881977141106,3.977999604927045,0.6496296482436832,migrated_06_train_multistation_madrid,06_train_multistation.py,migration_pre_P3,2026-08-15T13:09:01,
madrid,GCN-Transformer,,correlation,5,,123,no_checkpoint_saved,9bc15d5d352eaa4f,7,PLAZA CASTILLA-CANAL,test,6.710527842859527,4.714132938045663,0.49161444169999413,migrated_06_train_multistation_madrid,06_train_multistation.py,migration_pre_P3,2026-08-15T13:09:01,
madrid,GCN-Transformer,,correlation,5,,123,no_checkpoint_saved,9bc15d5d352eaa4f,7,PLAZA ELÍPTICA,test,8.419309418416276,6.117486752158493,0.30285635211319395,migrated_06_train_multistation_madrid,06_train_multistation.py,migration_pre_P3,2026-08-15T13:09:01,
madrid,GCN-Transformer,,correlation,5,,123,no_checkpoint_saved,9bc15d5d352eaa4f,7,__aggregate__,test,8.103838299947842,5.191778700201224,0.4276022991296339,migrated_06_train_multistation_madrid,06_train_multistation.py,migration_pre_P3,2026-08-15T13:09:01,
madrid,GCN-Transformer,,correlation,5,,777,no_checkpoint_saved,9bc15d5d352eaa4f,7,CASA DE CAMPO,test,6.657123846816528,4.946487238433086,-0.22666185651026227,migrated_06_train_multistation_madrid,06_train_multistation.py,migration_pre_P3,2026-08-15T13:09:01,
madrid,GCN-Transformer,,correlation,5,,777,no_checkpoint_saved,9bc15d5d352eaa4f,7,CASTELLANA,test,12.665825334108042,7.360093975468535,0.31626252277300104,migrated_06_train_multistation_madrid,06_train_multistation.py,migration_pre_P3,2026-08-15T13:09:01,
madrid,GCN-Transformer,,correlation,5,,777,no_checkpoint_saved,9bc15d5d352eaa4f,7,CUATRO CAMINOS-PABLO,test,6.5323464570127925,4.290505630270073,0.5485267421640672,migrated_06_train_multistation_madrid,06_train_multistation.py,migration_pre_P3,2026-08-15T13:09:01,
madrid,GCN-Transformer,,correlation,5,,777,no_checkpoint_saved,9bc15d5d352eaa4f,7,ESCUELAS AGUIRRE,test,7.064032177576201,5.1403764796088725,0.5462570857416698,migrated_06_train_multistation_madrid,06_train_multistation.py,migration_pre_P3,2026-08-15T13:09:01,
madrid,GCN-Transformer,,correlation,5,,777,no_checkpoint_saved,9bc15d5d352eaa4f,7,MENDEZ ALVARO,test,5.5519471489814745,3.6377155016204568,0.6881523462226876,migrated_06_train_multistation_madrid,06_train_multistation.py,migration_pre_P3,2026-08-15T13:09:01,
madrid,GCN-Transformer,,correlation,5,,777,no_checkpoint_saved,9bc15d5d352eaa4f,7,PLAZA CASTILLA-CANAL,test,6.70668221671241,4.815533669255922,0.492196959393013,migrated_06_train_multistation_madrid,06_train_multistation.py,migration_pre_P3,2026-08-15T13:09:01,
madrid,GCN-Transformer,,correlation,5,,777,no_checkpoint_saved,9bc15d5d352eaa4f,7,PLAZA ELÍPTICA,test,8.105247027727083,5.854499908363401,0.3538968705042448,migrated_06_train_multistation_madrid,06_train_multistation.py,migration_pre_P3,2026-08-15T13:09:01,
madrid,GCN-Transformer,,correlation,5,,777,no_checkpoint_saved,9bc15d5d352eaa4f,7,__aggregate__,test,7.917532651633648,5.149316057574335,0.4536183902488592,migrated_06_train_multistation_madrid,06_train_multistation.py,migration_pre_P3,2026-08-15T13:09:01,
beijing,Persistence,,,,,-,no_checkpoint_saved,9bc15d5d352eaa4f,12,Aotizhongxin,test,20.74202860108628,10.904462814331056,0.950371026992798,migrated_10_external_baselines_beijing,10_external_baselines.py,migration_pre_P3,2026-08-15T13:09:01,
beijing,Persistence,,,,,-,no_checkpoint_saved,9bc15d5d352eaa4f,12,Changping,test,19.965761250562252,10.433345794677734,0.9387810230255128,migrated_10_external_baselines_beijing,10_external_baselines.py,migration_pre_P3,2026-08-15T13:09:01,
beijing,Persistence,,,,,-,no_checkpoint_saved,9bc15d5d352eaa4f,12,Dingling,test,17.57524802845521,8.582123756408691,0.9475412964820862,migrated_10_external_baselines_beijing,10_external_baselines.py,migration_pre_P3,2026-08-15T13:09:01,
beijing,Persistence,,,,,-,no_checkpoint_saved,9bc15d5d352eaa4f,12,Dongsi,test,23.355473649961855,11.52597427368164,0.9470142126083374,migrated_10_external_baselines_beijing,10_external_baselines.py,migration_pre_P3,2026-08-15T13:09:01,
beijing,Persistence,,,,,-,no_checkpoint_saved,9bc15d5d352eaa4f,12,Guanyuan,test,21.395159935189636,11.415011405944824,0.9488908648490906,migrated_10_external_baselines_beijing,10_external_baselines.py,migration_pre_P3,2026-08-15T13:09:01,
beijing,Persistence,,,,,-,no_checkpoint_saved,9bc15d5d352eaa4f,12,Gucheng,test,22.52059265440986,10.934682846069336,0.9492745995521544,migrated_10_external_baselines_beijing,10_external_baselines.py,migration_pre_P3,2026-08-15T13:09:01,
beijing,Persistence,,,,,-,no_checkpoint_saved,9bc15d5d352eaa4f,12,Huairou,test,19.36287265367264,8.73051929473877,0.9358434081077576,migrated_10_external_baselines_beijing,10_external_baselines.py,migration_pre_P3,2026-08-15T13:09:01,
beijing,Persistence,,,,,-,no_checkpoint_saved,9bc15d5d352eaa4f,12,Nongzhanguan,test,21.486200206560635,11.109243392944336,0.952516496181488,migrated_10_external_baselines_beijing,10_external_baselines.py,migration_pre_P3,2026-08-15T13:09:01,
beijing,Persistence,,,,,-,no_checkpoint_saved,9bc15d5d352eaa4f,12,Shunyi,test,21.585722605698336,10.983574867248535,0.9441975355148317,migrated_10_external_baselines_beijing,10_external_baselines.py,migration_pre_P3,2026-08-15T13:09:01,
beijing,Persistence,,,,,-,no_checkpoint_saved,9bc15d5d352eaa4f,12,Tiantan,test,20.504614333958468,11.01928997039795,0.9523838758468628,migrated_10_external_baselines_beijing,10_external_baselines.py,migration_pre_P3,2026-08-15T13:09:01,
beijing,Persistence,,,,,-,no_checkpoint_saved,9bc15d5d352eaa4f,12,Wanliu,test,20.11292354690177,10.09969425201416,0.9509546756744384,migrated_10_external_baselines_beijing,10_external_baselines.py,migration_pre_P3,2026-08-15T13:09:01,
beijing,Persistence,,,,,-,no_checkpoint_saved,9bc15d5d352eaa4f,12,Wanshouxigong,test,25.263274376583936,11.75,0.9396643042564392,migrated_10_external_baselines_beijing,10_external_baselines.py,migration_pre_P3,2026-08-15T13:09:01,
beijing,Persistence,,,,,-,no_checkpoint_saved,9bc15d5d352eaa4f,12,__aggregate__,test,21.240456266800745,10.623992919921877,0.9473789930343628,migrated_10_external_baselines_beijing,10_external_baselines.py,migration_pre_P3,2026-08-15T13:09:01,
beijing,ARIMA,,,,,-,no_checkpoint_saved,9bc15d5d352eaa4f,12,Aotizhongxin,test,19.59677973297499,10.632269249583404,0.9557001302570002,migrated_10_external_baselines_beijing,10_external_baselines.py,migration_pre_P3,2026-08-15T13:09:01,
beijing,ARIMA,,,,,-,no_checkpoint_saved,9bc15d5d352eaa4f,12,Changping,test,19.546661814246654,10.547259121839776,0.9413241098669598,migrated_10_external_baselines_beijing,10_external_baselines.py,migration_pre_P3,2026-08-15T13:09:01,
beijing,ARIMA,,,,,-,no_checkpoint_saved,9bc15d5d352eaa4f,12,Dingling,test,17.336091055308778,8.54865804816257,0.9489592368906672,migrated_10_external_baselines_beijing,10_external_baselines.py,migration_pre_P3,2026-08-15T13:09:01,
beijing,ARIMA,,,,,-,no_checkpoint_saved,9bc15d5d352eaa4f,12,Dongsi,test,22.216391300546455,11.177121702770766,0.9520565728609932,migrated_10_external_baselines_beijing,10_external_baselines.py,migration_pre_P3,2026-08-15T13:09:01,
beijing,ARIMA,,,,,-,no_checkpoint_saved,9bc15d5d352eaa4f,12,Guanyuan,test,20.30908197256197,11.10043054440883,0.9539480702638916,migrated_10_external_baselines_beijing,10_external_baselines.py,migration_pre_P3,2026-08-15T13:09:01,
beijing,ARIMA,,,,,-,no_checkpoint_saved,9bc15d5d352eaa4f,12,Gucheng,test,21.509110133185697,10.76934453358846,0.9537287863188728,migrated_10_external_baselines_beijing,10_external_baselines.py,migration_pre_P3,2026-08-15T13:09:01,
beijing,ARIMA,,,,,-,no_checkpoint_saved,9bc15d5d352eaa4f,12,Huairou,test,18.981545396942423,8.598190667720182,0.9383454720040064,migrated_10_external_baselines_beijing,10_external_baselines.py,migration_pre_P3,2026-08-15T13:09:01,
beijing,ARIMA,,,,,-,no_checkpoint_saved,9bc15d5d352eaa4f,12,Nongzhanguan,test,20.384333179474808,10.80412017950144,0.9572617789814004,migrated_10_external_baselines_beijing,10_external_baselines.py,migration_pre_P3,2026-08-15T13:09:01,
beijing,ARIMA,,,,,-,no_checkpoint_saved,9bc15d5d352eaa4f,12,Shunyi,test,20.704524879747996,10.641213997008665,0.94866063524927,migrated_10_external_baselines_beijing,10_external_baselines.py,migration_pre_P3,2026-08-15T13:09:01,
beijing,ARIMA,,,,,-,no_checkpoint_saved,9bc15d5d352eaa4f,12,Tiantan,test,19.345798249650628,10.736078194215184,0.957613807367316,migrated_10_external_baselines_beijing,10_external_baselines.py,migration_pre_P3,2026-08-15T13:09:01,
beijing,ARIMA,,,,,-,no_checkpoint_saved,9bc15d5d352eaa4f,12,Wanliu,test,19.117417612945392,9.85141328556734,0.9556896297570794,migrated_10_external_baselines_beijing,10_external_baselines.py,migration_pre_P3,2026-08-15T13:09:01,
beijing,ARIMA,,,,,-,no_checkpoint_saved,9bc15d5d352eaa4f,12,Wanshouxigong,test,24.67648193038581,11.478932573133486,0.942434585017132,migrated_10_external_baselines_beijing,10_external_baselines.py,migration_pre_P3,2026-08-15T13:09:01,
beijing,ARIMA,,,,,-,no_checkpoint_saved,9bc15d5d352eaa4f,12,__aggregate__,test,20.388878240065708,10.407086008125008,0.9515138030061387,migrated_10_external_baselines_beijing,10_external_baselines.py,migration_pre_P3,2026-08-15T13:09:01,
beijing,XGBoost,,,,,42,no_checkpoint_saved,9bc15d5d352eaa4f,12,Aotizhongxin,test,21.482910404630804,10.974281664553535,0.9467623028622706,migrated_10_external_baselines_beijing,10_external_baselines.py,migration_pre_P3,2026-08-15T13:09:01,
beijing,XGBoost,,,,,42,no_checkpoint_saved,9bc15d5d352eaa4f,12,Changping,test,21.435911246551857,10.990094221758424,0.929433530647644,migrated_10_external_baselines_beijing,10_external_baselines.py,migration_pre_P3,2026-08-15T13:09:01,
beijing,XGBoost,,,,,42,no_checkpoint_saved,9bc15d5d352eaa4f,12,Dingling,test,17.984783520154956,9.118466216794763,0.9450680230151174,migrated_10_external_baselines_beijing,10_external_baselines.py,migration_pre_P3,2026-08-15T13:09:01,
beijing,XGBoost,,,,,42,no_checkpoint_saved,9bc15d5d352eaa4f,12,Dongsi,test,24.32115023460931,12.056057857319631,0.9425420318646556,migrated_10_external_baselines_beijing,10_external_baselines.py,migration_pre_P3,2026-08-15T13:09:01,
beijing,XGBoost,,,,,42,no_checkpoint_saved,9bc15d5d352eaa4f,12,Guanyuan,test,21.28432210126618,11.42801852905632,0.949419060294714,migrated_10_external_baselines_beijing,10_external_baselines.py,migration_pre_P3,2026-08-15T13:09:01,
beijing,XGBoost,,,,,42,no_checkpoint_saved,9bc15d5d352eaa4f,12,Gucheng,test,25.416516597383332,12.22404617084812,0.935390249699954,migrated_10_external_baselines_beijing,10_external_baselines.py,migration_pre_P3,2026-08-15T13:09:01,
beijing,XGBoost,,,,,42,no_checkpoint_saved,9bc15d5d352eaa4f,12,Huairou,test,19.579139408764824,8.97044700116625,0.9344022355833308,migrated_10_external_baselines_beijing,10_external_baselines.py,migration_pre_P3,2026-08-15T13:09:01,
beijing,XGBoost,,,,,42,no_checkpoint_saved,9bc15d5d352eaa4f,12,Nongzhanguan,test,21.91299060233861,11.178174124909686,0.9506113986738236,migrated_10_external_baselines_beijing,10_external_baselines.py,migration_pre_P3,2026-08-15T13:09:01,
beijing,XGBoost,,,,,42,no_checkpoint_saved,9bc15d5d352eaa4f,12,Shunyi,test,23.72766352962883,11.231358170623174,0.9325736107799858,migrated_10_external_baselines_beijing,10_external_baselines.py,migration_pre_P3,2026-08-15T13:09:01,
beijing,XGBoost,,,,,42,no_checkpoint_saved,9bc15d5d352eaa4f,12,Tiantan,test,20.84102441166678,11.089828118192411,0.9508085954084792,migrated_10_external_baselines_beijing,10_external_baselines.py,migration_pre_P3,2026-08-15T13:09:01,
beijing,XGBoost,,,,,42,no_checkpoint_saved,9bc15d5d352eaa4f,12,Wanliu,test,20.470659589676472,10.312059251399464,0.949194515522439,migrated_10_external_baselines_beijing,10_external_baselines.py,migration_pre_P3,2026-08-15T13:09:01,
beijing,XGBoost,,,,,42,no_checkpoint_saved,9bc15d5d352eaa4f,12,Wanshouxigong,test,26.13718391928562,12.259066973322671,0.9354178140519224,migrated_10_external_baselines_beijing,10_external_baselines.py,migration_pre_P3,2026-08-15T13:09:01,
beijing,XGBoost,,,,,42,no_checkpoint_saved,9bc15d5d352eaa4f,12,__aggregate__,test,22.16994711348413,10.985991524995372,0.9426727945996964,migrated_10_external_baselines_beijing,10_external_baselines.py,migration_pre_P3,2026-08-15T13:09:01,
beijing,LSTM,,,,,123,no_checkpoint_saved,9bc15d5d352eaa4f,12,Aotizhongxin,test,20.65057008709142,10.888253211975098,0.9508076906204224,migrated_10_external_baselines_beijing,10_external_baselines.py,migration_pre_P3,2026-08-15T13:09:01,
beijing,LSTM,,,,,123,no_checkpoint_saved,9bc15d5d352eaa4f,12,Changping,test,19.89582932823367,10.426424026489258,0.9392091035842896,migrated_10_external_baselines_beijing,10_external_baselines.py,migration_pre_P3,2026-08-15T13:09:01,
beijing,LSTM,,,,,123,no_checkpoint_saved,9bc15d5d352eaa4f,12,Dingling,test,17.510017361722188,8.54617691040039,0.9479299783706664,migrated_10_external_baselines_beijing,10_external_baselines.py,migration_pre_P3,2026-08-15T13:09:01,
beijing,LSTM,,,,,123,no_checkpoint_saved,9bc15d5d352eaa4f,12,Dongsi,test,23.255807458921012,11.51210594177246,0.947465479373932,migrated_10_external_baselines_beijing,10_external_baselines.py,migration_pre_P3,2026-08-15T13:09:01,
beijing,LSTM,,,,,123,no_checkpoint_saved,9bc15d5d352eaa4f,12,Guanyuan,test,21.30563288606516,11.389016151428224,0.9493176937103271,migrated_10_external_baselines_beijing,10_external_baselines.py,migration_pre_P3,2026-08-15T13:09:01,
beijing,LSTM,,,,,123,no_checkpoint_saved,9bc15d5d352eaa4f,12,Gucheng,test,22.430227647188236,10.915706634521484,0.9496808648109436,migrated_10_external_baselines_beijing,10_external_baselines.py,migration_pre_P3,2026-08-15T13:09:01,
beijing,LSTM,,,,,123,no_checkpoint_saved,9bc15d5d352eaa4f,12,Huairou,test,19.295160601981262,8.704855918884277,0.9362913370132446,migrated_10_external_baselines_beijing,10_external_baselines.py,migration_pre_P3,2026-08-15T13:09:01,
beijing,LSTM,,,,,123,no_checkpoint_saved,9bc15d5d352eaa4f,12,Nongzhanguan,test,21.385543988854216,11.087224960327148,0.9529603719711304,migrated_10_external_baselines_beijing,10_external_baselines.py,migration_pre_P3,2026-08-15T13:09:01,
beijing,LSTM,,,,,123,no_checkpoint_saved,9bc15d5d352eaa4f,12,Shunyi,test,21.479752343595298,10.924819946289062,0.944744110107422,migrated_10_external_baselines_beijing,10_external_baselines.py,migration_pre_P3,2026-08-15T13:09:01,
beijing,LSTM,,,,,123,no_checkpoint_saved,9bc15d5d352eaa4f,12,Tiantan,test,20.415359309891,10.995474815368652,0.9527974724769592,migrated_10_external_baselines_beijing,10_external_baselines.py,migration_pre_P3,2026-08-15T13:09:01,
beijing,LSTM,,,,,123,no_checkpoint_saved,9bc15d5d352eaa4f,12,Wanliu,test,20.031208865499888,10.085299491882324,0.9513524174690248,migrated_10_external_baselines_beijing,10_external_baselines.py,migration_pre_P3,2026-08-15T13:09:01,
beijing,LSTM,,,,,123,no_checkpoint_saved,9bc15d5d352eaa4f,12,Wanshouxigong,test,25.17250299883908,11.736865997314451,0.9400970935821532,migrated_10_external_baselines_beijing,10_external_baselines.py,migration_pre_P3,2026-08-15T13:09:01,
beijing,LSTM,,,,,123,no_checkpoint_saved,9bc15d5d352eaa4f,12,__aggregate__,test,21.153180168712225,10.601019859313965,0.9478105306625366,migrated_10_external_baselines_beijing,10_external_baselines.py,migration_pre_P3,2026-08-15T13:09:01,
beijing,LSTM,,,,,42,no_checkpoint_saved,9bc15d5d352eaa4f,12,Aotizhongxin,test,20.6933526464418,10.88157081604004,0.9506036639213562,migrated_10_external_baselines_beijing,10_external_baselines.py,migration_pre_P3,2026-08-15T13:09:01,
beijing,LSTM,,,,,42,no_checkpoint_saved,9bc15d5d352eaa4f,12,Changping,test,19.927235798336408,10.42027473449707,0.9390169978141784,migrated_10_external_baselines_beijing,10_external_baselines.py,migration_pre_P3,2026-08-15T13:09:01,
beijing,LSTM,,,,,42,no_checkpoint_saved,9bc15d5d352eaa4f,12,Dingling,test,17.539745427962583,8.561175346374512,0.9477530121803284,migrated_10_external_baselines_beijing,10_external_baselines.py,migration_pre_P3,2026-08-15T13:09:01,
beijing,LSTM,,,,,42,no_checkpoint_saved,9bc15d5d352eaa4f,12,Dongsi,test,23.302437663777127,11.502105712890623,0.9472545981407166,migrated_10_external_baselines_beijing,10_external_baselines.py,migration_pre_P3,2026-08-15T13:09:01,
beijing,LSTM,,,,,42,no_checkpoint_saved,9bc15d5d352eaa4f,12,Guanyuan,test,21.346911083174746,11.391812324523926,0.949121117591858,migrated_10_external_baselines_beijing,10_external_baselines.py,migration_pre_P3,2026-08-15T13:09:01,
beijing,LSTM,,,,,42,no_checkpoint_saved,9bc15d5d352eaa4f,12,Gucheng,test,22.471799004269357,10.91082763671875,0.9494941234588624,migrated_10_external_baselines_beijing,10_external_baselines.py,migration_pre_P3,2026-08-15T13:09:01,
beijing,LSTM,,,,,42,no_checkpoint_saved,9bc15d5d352eaa4f,12,Huairou,test,19.326521539440385,8.718337059020996,0.9360840320587158,migrated_10_external_baselines_beijing,10_external_baselines.py,migration_pre_P3,2026-08-15T13:09:01,
beijing,LSTM,,,,,42,no_checkpoint_saved,9bc15d5d352eaa4f,12,Nongzhanguan,test,21.43278322517502,11.081965446472168,0.9527522921562196,migrated_10_external_baselines_beijing,10_external_baselines.py,migration_pre_P3,2026-08-15T13:09:01,
beijing,LSTM,,,,,42,no_checkpoint_saved,9bc15d5d352eaa4f,12,Shunyi,test,21.52997079268767,10.953262329101562,0.9444854259490968,migrated_10_external_baselines_beijing,10_external_baselines.py,migration_pre_P3,2026-08-15T13:09:01,
beijing,LSTM,,,,,42,no_checkpoint_saved,9bc15d5d352eaa4f,12,Tiantan,test,20.455982868281392,10.992570877075195,0.9526094198226928,migrated_10_external_baselines_beijing,10_external_baselines.py,migration_pre_P3,2026-08-15T13:09:01,
beijing,LSTM,,,,,42,no_checkpoint_saved,9bc15d5d352eaa4f,12,Wanliu,test,20.069715681813435,10.079998016357422,0.9511651992797852,migrated_10_external_baselines_beijing,10_external_baselines.py,migration_pre_P3,2026-08-15T13:09:01,
beijing,LSTM,,,,,42,no_checkpoint_saved,9bc15d5d352eaa4f,12,Wanshouxigong,test,25.213968383817654,11.72694492340088,0.9398995637893676,migrated_10_external_baselines_beijing,10_external_baselines.py,migration_pre_P3,2026-08-15T13:09:01,
beijing,LSTM,,,,,42,no_checkpoint_saved,9bc15d5d352eaa4f,12,__aggregate__,test,21.193614156293854,10.60173797607422,0.9476108551025392,migrated_10_external_baselines_beijing,10_external_baselines.py,migration_pre_P3,2026-08-15T13:09:01,
beijing,LSTM,,,,,777,no_checkpoint_saved,9bc15d5d352eaa4f,12,Aotizhongxin,test,20.667518762229523,10.87460994720459,0.9507269263267516,migrated_10_external_baselines_beijing,10_external_baselines.py,migration_pre_P3,2026-08-15T13:09:01,
beijing,LSTM,,,,,777,no_checkpoint_saved,9bc15d5d352eaa4f,12,Changping,test,19.90845519207268,10.416531562805176,0.9391319155693054,migrated_10_external_baselines_beijing,10_external_baselines.py,migration_pre_P3,2026-08-15T13:09:01,
beijing,LSTM,,,,,777,no_checkpoint_saved,9bc15d5d352eaa4f,12,Dingling,test,17.52197020021623,8.549769401550293,0.9478588700294496,migrated_10_external_baselines_beijing,10_external_baselines.py,migration_pre_P3,2026-08-15T13:09:01,
beijing,LSTM,,,,,777,no_checkpoint_saved,9bc15d5d352eaa4f,12,Dongsi,test,23.274038050324847,11.493734359741213,0.9473830461502076,migrated_10_external_baselines_beijing,10_external_baselines.py,migration_pre_P3,2026-08-15T13:09:01,
beijing,LSTM,,,,,777,no_checkpoint_saved,9bc15d5d352eaa4f,12,Guanyuan,test,21.32183186117027,11.38117504119873,0.9492406249046326,migrated_10_external_baselines_beijing,10_external_baselines.py,migration_pre_P3,2026-08-15T13:09:01,
beijing,LSTM,,,,,777,no_checkpoint_saved,9bc15d5d352eaa4f,12,Gucheng,test,22.44630433655261,10.902595520019531,0.9496086835861206,migrated_10_external_baselines_beijing,10_external_baselines.py,migration_pre_P3,2026-08-15T13:09:01,
beijing,LSTM,,,,,777,no_checkpoint_saved,9bc15d5d352eaa4f,12,Huairou,test,19.307674261815965,8.708660125732422,0.9362086653709412,migrated_10_external_baselines_beijing,10_external_baselines.py,migration_pre_P3,2026-08-15T13:09:01,
beijing,LSTM,,,,,777,no_checkpoint_saved,9bc15d5d352eaa4f,12,Nongzhanguan,test,21.40410929647367,11.072033882141112,0.9528786540031432,migrated_10_external_baselines_beijing,10_external_baselines.py,migration_pre_P3,2026-08-15T13:09:01,
beijing,LSTM,,,,,777,no_checkpoint_saved,9bc15d5d352eaa4f,12,Shunyi,test,21.499838185255896,10.93270492553711,0.9446407556533812,migrated_10_external_baselines_beijing,10_external_baselines.py,migration_pre_P3,2026-08-15T13:09:01,
beijing,LSTM,,,,,777,no_checkpoint_saved,9bc15d5d352eaa4f,12,Tiantan,test,20.43134254768348,10.98311996459961,0.9527235627174376,migrated_10_external_baselines_beijing,10_external_baselines.py,migration_pre_P3,2026-08-15T13:09:01,
beijing,LSTM,,,,,777,no_checkpoint_saved,9bc15d5d352eaa4f,12,Wanliu,test,20.04688946194919,10.073525428771973,0.9512762427330016,migrated_10_external_baselines_beijing,10_external_baselines.py,migration_pre_P3,2026-08-15T13:09:01,
beijing,LSTM,,,,,777,no_checkpoint_saved,9bc15d5d352eaa4f,12,Wanshouxigong,test,25.188832742345863,11.719809532165527,0.9400193691253662,migrated_10_external_baselines_beijing,10_external_baselines.py,migration_pre_P3,2026-08-15T13:09:01,
beijing,LSTM,,,,,777,no_checkpoint_saved,9bc15d5d352eaa4f,12,__aggregate__,test,21.169180092554733,10.592355728149414,0.9477315545082092,migrated_10_external_baselines_beijing,10_external_baselines.py,migration_pre_P3,2026-08-15T13:09:01,
london,Persistence,,,,,-,no_checkpoint_saved,9bc15d5d352eaa4f,8,BL0,test,0.7450187488091276,0.2729946672916412,0.9248639941215516,migrated_10_external_baselines_london,10_external_baselines.py,migration_pre_P3,2026-08-15T13:09:01,
london,Persistence,,,,,-,no_checkpoint_saved,9bc15d5d352eaa4f,8,BT4,test,3.136404361385061,2.1946141719818115,0.7247602939605713,migrated_10_external_baselines_london,10_external_baselines.py,migration_pre_P3,2026-08-15T13:09:01,
london,Persistence,,,,,-,no_checkpoint_saved,9bc15d5d352eaa4f,8,CT3,test,1.0010021671648983,0.2973644137382507,0.7400837540626526,migrated_10_external_baselines_london,10_external_baselines.py,migration_pre_P3,2026-08-15T13:09:01,
london,Persistence,,,,,-,no_checkpoint_saved,9bc15d5d352eaa4f,8,GN0,test,1.3654490726378818,0.5912335515022278,0.7108862996101379,migrated_10_external_baselines_london,10_external_baselines.py,migration_pre_P3,2026-08-15T13:09:01,
london,Persistence,,,,,-,no_checkpoint_saved,9bc15d5d352eaa4f,8,KC1,test,1.4185165314005217,0.784542441368103,0.9134088754653932,migrated_10_external_baselines_london,10_external_baselines.py,migration_pre_P3,2026-08-15T13:09:01,
london,Persistence,,,,,-,no_checkpoint_saved,9bc15d5d352eaa4f,8,LH0,test,0.9077328356457224,0.2693277299404144,0.8979107141494751,migrated_10_external_baselines_london,10_external_baselines.py,migration_pre_P3,2026-08-15T13:09:01,
london,Persistence,,,,,-,no_checkpoint_saved,9bc15d5d352eaa4f,8,RB7,test,2.7119622396242815,1.6997536420822144,0.682328462600708,migrated_10_external_baselines_london,10_external_baselines.py,migration_pre_P3,2026-08-15T13:09:01,
london,Persistence,,,,,-,no_checkpoint_saved,9bc15d5d352eaa4f,8,TH4,test,2.6736384589928233,1.6819908618927002,0.8511860370635986,migrated_10_external_baselines_london,10_external_baselines.py,migration_pre_P3,2026-08-15T13:09:01,
london,Persistence,,,,,-,no_checkpoint_saved,9bc15d5d352eaa4f,8,__aggregate__,test,1.9556900880636832,0.9739776849746704,0.8285684585571289,migrated_10_external_baselines_london,10_external_baselines.py,migration_pre_P3,2026-08-15T13:09:01,
london,ARIMA,,,,,-,no_checkpoint_saved,9bc15d5d352eaa4f,8,BL0,test,0.7908589166932581,0.3005418728111744,0.9153334666589988,migrated_10_external_baselines_london,10_external_baselines.py,migration_pre_P3,2026-08-15T13:09:01,
london,ARIMA,,,,,-,no_checkpoint_saved,9bc15d5d352eaa4f,8,BT4,test,3.063297182696147,2.178959687955613,0.7374419854177425,migrated_10_external_baselines_london,10_external_baselines.py,migration_pre_P3,2026-08-15T13:09:01,
london,ARIMA,,,,,-,no_checkpoint_saved,9bc15d5d352eaa4f,8,CT3,test,0.9375935785711764,0.2848749546526899,0.7719696385819348,migrated_10_external_baselines_london,10_external_baselines.py,migration_pre_P3,2026-08-15T13:09:01,
london,ARIMA,,,,,-,no_checkpoint_saved,9bc15d5d352eaa4f,8,GN0,test,1.307104918956235,0.5560784225838671,0.7350654841082738,migrated_10_external_baselines_london,10_external_baselines.py,migration_pre_P3,2026-08-15T13:09:01,
london,ARIMA,,,,,-,no_checkpoint_saved,9bc15d5d352eaa4f,8,KC1,test,1.3470896787536726,0.7312899742560598,0.9219096270918218,migrated_10_external_baselines_london,10_external_baselines.py,migration_pre_P3,2026-08-15T13:09:01,
london,ARIMA,,,,,-,no_checkpoint_saved,9bc15d5d352eaa4f,8,LH0,test,0.9232095098050394,0.2613257188471628,0.8943998002048708,migrated_10_external_baselines_london,10_external_baselines.py,migration_pre_P3,2026-08-15T13:09:01,
london,ARIMA,,,,,-,no_checkpoint_saved,9bc15d5d352eaa4f,8,RB7,test,2.56714229656153,1.6628860561962704,0.7153502157099545,migrated_10_external_baselines_london,10_external_baselines.py,migration_pre_P3,2026-08-15T13:09:01,
london,ARIMA,,,,,-,no_checkpoint_saved,9bc15d5d352eaa4f,8,TH4,test,2.618432857176199,1.6541799760722111,0.8572680314982858,migrated_10_external_baselines_london,10_external_baselines.py,migration_pre_P3,2026-08-15T13:09:01,
london,ARIMA,,,,,-,no_checkpoint_saved,9bc15d5d352eaa4f,8,__aggregate__,test,1.894407197624732,0.9537670829218812,0.8391439728840042,migrated_10_external_baselines_london,10_external_baselines.py,migration_pre_P3,2026-08-15T13:09:01,
london,XGBoost,,,,,42,no_checkpoint_saved,9bc15d5d352eaa4f,8,BL0,test,0.8620227757464994,0.407024469639255,0.8994108291858596,migrated_10_external_baselines_london,10_external_baselines.py,migration_pre_P3,2026-08-15T13:09:01,
london,XGBoost,,,,,42,no_checkpoint_saved,9bc15d5d352eaa4f,8,BT4,test,3.068044704686586,2.21692217311575,0.7366275258395221,migrated_10_external_baselines_london,10_external_baselines.py,migration_pre_P3,2026-08-15T13:09:01,
london,XGBoost,,,,,42,no_checkpoint_saved,9bc15d5d352eaa4f,8,CT3,test,1.062569394884954,0.6033204676451075,0.7071278788413443,migrated_10_external_baselines_london,10_external_baselines.py,migration_pre_P3,2026-08-15T13:09:01,
london,XGBoost,,,,,42,no_checkpoint_saved,9bc15d5d352eaa4f,8,GN0,test,1.391309920826609,0.7822458066211301,0.6998312974612344,migrated_10_external_baselines_london,10_external_baselines.py,migration_pre_P3,2026-08-15T13:09:01,
london,XGBoost,,,,,42,no_checkpoint_saved,9bc15d5d352eaa4f,8,KC1,test,1.362041727285542,0.7626467575671292,0.9201664751323652,migrated_10_external_baselines_london,10_external_baselines.py,migration_pre_P3,2026-08-15T13:09:01,
london,XGBoost,,,,,42,no_checkpoint_saved,9bc15d5d352eaa4f,8,LH0,test,0.9456230435834856,0.3796464991851833,0.8892100682733803,migrated_10_external_baselines_london,10_external_baselines.py,migration_pre_P3,2026-08-15T13:09:01,
london,XGBoost,,,,,42,no_checkpoint_saved,9bc15d5d352eaa4f,8,RB7,test,2.5074950739967625,1.69531659578166,0.7284241474668507,migrated_10_external_baselines_london,10_external_baselines.py,migration_pre_P3,2026-08-15T13:09:01,
london,XGBoost,,,,,42,no_checkpoint_saved,9bc15d5d352eaa4f,8,TH4,test,2.694706467581916,1.7139413815242153,0.8488315010169989,migrated_10_external_baselines_london,10_external_baselines.py,migration_pre_P3,2026-08-15T13:09:01,
london,XGBoost,,,,,42,no_checkpoint_saved,9bc15d5d352eaa4f,8,__aggregate__,test,1.9209084338720683,1.0701330188849287,0.8346120003052289,migrated_10_external_baselines_london,10_external_baselines.py,migration_pre_P3,2026-08-15T13:09:01,
london,LSTM,,,,,123,no_checkpoint_saved,9bc15d5d352eaa4f,8,BL0,test,0.7460291969374292,0.3216922581195831,0.92466002702713,migrated_10_external_baselines_london,10_external_baselines.py,migration_pre_P3,2026-08-15T13:09:01,
london,LSTM,,,,,123,no_checkpoint_saved,9bc15d5d352eaa4f,8,BT4,test,3.1059270556568186,2.190098762512207,0.7300834655761719,migrated_10_external_baselines_london,10_external_baselines.py,migration_pre_P3,2026-08-15T13:09:01,
london,LSTM,,,,,123,no_checkpoint_saved,9bc15d5d352eaa4f,8,CT3,test,0.9922588953478224,0.3457977473735809,0.7446044087409973,migrated_10_external_baselines_london,10_external_baselines.py,migration_pre_P3,2026-08-15T13:09:01,
london,LSTM,,,,,123,no_checkpoint_saved,9bc15d5d352eaa4f,8,GN0,test,1.3547430376858425,0.6290207505226135,0.7154022455215454,migrated_10_external_baselines_london,10_external_baselines.py,migration_pre_P3,2026-08-15T13:09:01,
london,LSTM,,,,,123,no_checkpoint_saved,9bc15d5d352eaa4f,8,KC1,test,1.4152712213582537,0.792036771774292,0.9138046503067015,migrated_10_external_baselines_london,10_external_baselines.py,migration_pre_P3,2026-08-15T13:09:01,
london,LSTM,,,,,123,no_checkpoint_saved,9bc15d5d352eaa4f,8,LH0,test,0.905644280154052,0.3253350257873535,0.898379921913147,migrated_10_external_baselines_london,10_external_baselines.py,migration_pre_P3,2026-08-15T13:09:01,
london,LSTM,,,,,123,no_checkpoint_saved,9bc15d5d352eaa4f,8,RB7,test,2.6808661268333487,1.7107386589050293,0.689571738243103,migrated_10_external_baselines_london,10_external_baselines.py,migration_pre_P3,2026-08-15T13:09:01,
london,LSTM,,,,,123,no_checkpoint_saved,9bc15d5d352eaa4f,8,TH4,test,2.653161081668575,1.674575686454773,0.8534568548202515,migrated_10_external_baselines_london,10_external_baselines.py,migration_pre_P3,2026-08-15T13:09:01,
london,LSTM,,,,,123,no_checkpoint_saved,9bc15d5d352eaa4f,8,__aggregate__,test,1.9388380045196596,0.9986618757247924,0.8315101861953735,migrated_10_external_baselines_london,10_external_baselines.py,migration_pre_P3,2026-08-15T13:09:01,
london,LSTM,,,,,42,no_checkpoint_saved,9bc15d5d352eaa4f,8,BL0,test,0.7466352405136404,0.3034835159778595,0.9245375990867616,migrated_10_external_baselines_london,10_external_baselines.py,migration_pre_P3,2026-08-15T13:09:01,
london,LSTM,,,,,42,no_checkpoint_saved,9bc15d5d352eaa4f,8,BT4,test,3.101139376049954,2.185947895050049,0.7309149503707886,migrated_10_external_baselines_london,10_external_baselines.py,migration_pre_P3,2026-08-15T13:09:01,
london,LSTM,,,,,42,no_checkpoint_saved,9bc15d5d352eaa4f,8,CT3,test,0.9898764661336592,0.3340837359428406,0.7458293437957764,migrated_10_external_baselines_london,10_external_baselines.py,migration_pre_P3,2026-08-15T13:09:01,
london,LSTM,,,,,42,no_checkpoint_saved,9bc15d5d352eaa4f,8,GN0,test,1.3532550335220883,0.6174424886703491,0.716027021408081,migrated_10_external_baselines_london,10_external_baselines.py,migration_pre_P3,2026-08-15T13:09:01,
london,LSTM,,,,,42,no_checkpoint_saved,9bc15d5d352eaa4f,8,KC1,test,1.4206488216364783,0.7934991121292114,0.9131484031677246,migrated_10_external_baselines_london,10_external_baselines.py,migration_pre_P3,2026-08-15T13:09:01,
london,LSTM,,,,,42,no_checkpoint_saved,9bc15d5d352eaa4f,8,LH0,test,0.9023902187519884,0.3018239438533783,0.89910888671875,migrated_10_external_baselines_london,10_external_baselines.py,migration_pre_P3,2026-08-15T13:09:01,
london,LSTM,,,,,42,no_checkpoint_saved,9bc15d5d352eaa4f,8,RB7,test,2.6742051877862805,1.6985290050506592,0.6911124587059021,migrated_10_external_baselines_london,10_external_baselines.py,migration_pre_P3,2026-08-15T13:09:01,
london,LSTM,,,,,42,no_checkpoint_saved,9bc15d5d352eaa4f,8,TH4,test,2.650999467335248,1.6729791164398191,0.8536955118179321,migrated_10_external_baselines_london,10_external_baselines.py,migration_pre_P3,2026-08-15T13:09:01,
london,LSTM,,,,,42,no_checkpoint_saved,9bc15d5d352eaa4f,8,__aggregate__,test,1.9364079504929796,0.988473653793335,0.8319322466850281,migrated_10_external_baselines_london,10_external_baselines.py,migration_pre_P3,2026-08-15T13:09:01,
london,LSTM,,,,,777,no_checkpoint_saved,9bc15d5d352eaa4f,8,BL0,test,0.7442121896849072,0.2871759533882141,0.9250265955924988,migrated_10_external_baselines_london,10_external_baselines.py,migration_pre_P3,2026-08-15T13:09:01,
london,LSTM,,,,,777,no_checkpoint_saved,9bc15d5d352eaa4f,8,BT4,test,3.09874961000527,2.1794369220733643,0.7313295006752014,migrated_10_external_baselines_london,10_external_baselines.py,migration_pre_P3,2026-08-15T13:09:01,
london,LSTM,,,,,777,no_checkpoint_saved,9bc15d5d352eaa4f,8,CT3,test,0.987977746490875,0.3175734579563141,0.7468034625053406,migrated_10_external_baselines_london,10_external_baselines.py,migration_pre_P3,2026-08-15T13:09:01,
london,LSTM,,,,,777,no_checkpoint_saved,9bc15d5d352eaa4f,8,GN0,test,1.3510629248827746,0.6016798615455627,0.7169463038444519,migrated_10_external_baselines_london,10_external_baselines.py,migration_pre_P3,2026-08-15T13:09:01,
london,LSTM,,,,,777,no_checkpoint_saved,9bc15d5d352eaa4f,8,KC1,test,1.4185655247073303,0.7904402613639832,0.9134029150009156,migrated_10_external_baselines_london,10_external_baselines.py,migration_pre_P3,2026-08-15T13:09:01,
london,LSTM,,,,,777,no_checkpoint_saved,9bc15d5d352eaa4f,8,LH0,test,0.899802290869987,0.2846564650535583,0.8996867537498474,migrated_10_external_baselines_london,10_external_baselines.py,migration_pre_P3,2026-08-15T13:09:01,
london,LSTM,,,,,777,no_checkpoint_saved,9bc15d5d352eaa4f,8,RB7,test,2.6746326515162115,1.691490888595581,0.6910136938095093,migrated_10_external_baselines_london,10_external_baselines.py,migration_pre_P3,2026-08-15T13:09:01,
london,LSTM,,,,,777,no_checkpoint_saved,9bc15d5d352eaa4f,8,TH4,test,2.649332261079374,1.670863389968872,0.853879451751709,migrated_10_external_baselines_london,10_external_baselines.py,migration_pre_P3,2026-08-15T13:09:01,
london,LSTM,,,,,777,no_checkpoint_saved,9bc15d5d352eaa4f,8,__aggregate__,test,1.934947270308235,0.9779146909713744,0.8321857452392578,migrated_10_external_baselines_london,10_external_baselines.py,migration_pre_P3,2026-08-15T13:09:01,
madrid,Persistence,,,,,-,no_checkpoint_saved,9bc15d5d352eaa4f,6,CASA DE CAMPO,test,3.799624354216387,2.3772268295288086,0.6003931760787964,migrated_10_external_baselines_madrid,10_external_baselines.py,migration_pre_P3,2026-08-15T13:09:01,"SUSPECT_6STATION: MENDEZ ALVARO absente (ancien protocole pré-correctif P1) — non ré-agrégeable pour ARIMA/XGBoost/LSTM/Persistence sans re-run, cf. CHANGELOG_TABLES.md."
madrid,Persistence,,,,,-,no_checkpoint_saved,9bc15d5d352eaa4f,6,CASTELLANA,test,5.242518407437339,3.0353894233703613,0.8828607797622681,migrated_10_external_baselines_madrid,10_external_baselines.py,migration_pre_P3,2026-08-15T13:09:01,"SUSPECT_6STATION: MENDEZ ALVARO absente (ancien protocole pré-correctif P1) — non ré-agrégeable pour ARIMA/XGBoost/LSTM/Persistence sans re-run, cf. CHANGELOG_TABLES.md."
madrid,Persistence,,,,,-,no_checkpoint_saved,9bc15d5d352eaa4f,6,CUATRO CAMINOS-PABLO,test,4.152070432120705,2.5105042457580566,0.8176007270812988,migrated_10_external_baselines_madrid,10_external_baselines.py,migration_pre_P3,2026-08-15T13:09:01,"SUSPECT_6STATION: MENDEZ ALVARO absente (ancien protocole pré-correctif P1) — non ré-agrégeable pour ARIMA/XGBoost/LSTM/Persistence sans re-run, cf. CHANGELOG_TABLES.md."
madrid,Persistence,,,,,-,no_checkpoint_saved,9bc15d5d352eaa4f,6,ESCUELAS AGUIRRE,test,5.5313834481386115,3.2291624546051025,0.7217904329299927,migrated_10_external_baselines_madrid,10_external_baselines.py,migration_pre_P3,2026-08-15T13:09:01,"SUSPECT_6STATION: MENDEZ ALVARO absente (ancien protocole pré-correctif P1) — non ré-agrégeable pour ARIMA/XGBoost/LSTM/Persistence sans re-run, cf. CHANGELOG_TABLES.md."
madrid,Persistence,,,,,-,no_checkpoint_saved,9bc15d5d352eaa4f,6,PLAZA CASTILLA-CANAL,test,4.730003428548655,2.842628002166748,0.7474178075790405,migrated_10_external_baselines_madrid,10_external_baselines.py,migration_pre_P3,2026-08-15T13:09:01,"SUSPECT_6STATION: MENDEZ ALVARO absente (ancien protocole pré-correctif P1) — non ré-agrégeable pour ARIMA/XGBoost/LSTM/Persistence sans re-run, cf. CHANGELOG_TABLES.md."
madrid,Persistence,,,,,-,no_checkpoint_saved,9bc15d5d352eaa4f,6,PLAZA ELÍPTICA,test,5.44112196684256,3.257066488265991,0.7088302373886108,migrated_10_external_baselines_madrid,10_external_baselines.py,migration_pre_P3,2026-08-15T13:09:01,"SUSPECT_6STATION: MENDEZ ALVARO absente (ancien protocole pré-correctif P1) — non ré-agrégeable pour ARIMA/XGBoost/LSTM/Persistence sans re-run, cf. CHANGELOG_TABLES.md."
madrid,Persistence,,,,,-,no_checkpoint_saved,9bc15d5d352eaa4f,6,__aggregate__,test,4.860311632565284,2.8753294944763184,0.7985988259315491,migrated_10_external_baselines_madrid,10_external_baselines.py,migration_pre_P3,2026-08-15T13:09:01,"SUSPECT_6STATION: MENDEZ ALVARO absente (ancien protocole pré-correctif P1) — non ré-agrégeable pour ARIMA/XGBoost/LSTM/Persistence sans re-run, cf. CHANGELOG_TABLES.md."
madrid,ARIMA,,,,,-,no_checkpoint_saved,9bc15d5d352eaa4f,6,CASA DE CAMPO,test,3.6872367430320834,2.338593214947715,0.6236831757781685,migrated_10_external_baselines_madrid,10_external_baselines.py,migration_pre_P3,2026-08-15T13:09:01,"SUSPECT_6STATION: MENDEZ ALVARO absente (ancien protocole pré-correctif P1) — non ré-agrégeable pour ARIMA/XGBoost/LSTM/Persistence sans re-run, cf. CHANGELOG_TABLES.md."
madrid,ARIMA,,,,,-,no_checkpoint_saved,9bc15d5d352eaa4f,6,CASTELLANA,test,5.100881764256877,3.025788373660283,0.8891047547018511,migrated_10_external_baselines_madrid,10_external_baselines.py,migration_pre_P3,2026-08-15T13:09:01,"SUSPECT_6STATION: MENDEZ ALVARO absente (ancien protocole pré-correctif P1) — non ré-agrégeable pour ARIMA/XGBoost/LSTM/Persistence sans re-run, cf. CHANGELOG_TABLES.md."
madrid,ARIMA,,,,,-,no_checkpoint_saved,9bc15d5d352eaa4f,6,CUATRO CAMINOS-PABLO,test,4.050536362380655,2.520145531977184,0.8264124044417539,migrated_10_external_baselines_madrid,10_external_baselines.py,migration_pre_P3,2026-08-15T13:09:01,"SUSPECT_6STATION: MENDEZ ALVARO absente (ancien protocole pré-correctif P1) — non ré-agrégeable pour ARIMA/XGBoost/LSTM/Persistence sans re-run, cf. CHANGELOG_TABLES.md."
madrid,ARIMA,,,,,-,no_checkpoint_saved,9bc15d5d352eaa4f,6,ESCUELAS AGUIRRE,test,5.30842978563621,3.168503080469689,0.7437660486651894,migrated_10_external_baselines_madrid,10_external_baselines.py,migration_pre_P3,2026-08-15T13:09:01,"SUSPECT_6STATION: MENDEZ ALVARO absente (ancien protocole pré-correctif P1) — non ré-agrégeable pour ARIMA/XGBoost/LSTM/Persistence sans re-run, cf. CHANGELOG_TABLES.md."
madrid,ARIMA,,,,,-,no_checkpoint_saved,9bc15d5d352eaa4f,6,PLAZA CASTILLA-CANAL,test,4.557666190546363,2.8499143805433436,0.7654881085004916,migrated_10_external_baselines_madrid,10_external_baselines.py,migration_pre_P3,2026-08-15T13:09:01,"SUSPECT_6STATION: MENDEZ ALVARO absente (ancien protocole pré-correctif P1) — non ré-agrégeable pour ARIMA/XGBoost/LSTM/Persistence sans re-run, cf. CHANGELOG_TABLES.md."
madrid,ARIMA,,,,,-,no_checkpoint_saved,9bc15d5d352eaa4f,6,PLAZA ELÍPTICA,test,5.270641997685017,3.2134483911328053,0.7267901422919041,migrated_10_external_baselines_madrid,10_external_baselines.py,migration_pre_P3,2026-08-15T13:09:01,"SUSPECT_6STATION: MENDEZ ALVARO absente (ancien protocole pré-correctif P1) — non ré-agrégeable pour ARIMA/XGBoost/LSTM/Persistence sans re-run, cf. CHANGELOG_TABLES.md."
madrid,ARIMA,,,,,-,no_checkpoint_saved,9bc15d5d352eaa4f,6,__aggregate__,test,4.703774536764815,2.852732162121836,0.8113630414009094,migrated_10_external_baselines_madrid,10_external_baselines.py,migration_pre_P3,2026-08-15T13:09:01,"SUSPECT_6STATION: MENDEZ ALVARO absente (ancien protocole pré-correctif P1) — non ré-agrégeable pour ARIMA/XGBoost/LSTM/Persistence sans re-run, cf. CHANGELOG_TABLES.md."
madrid,XGBoost,,,,,42,no_checkpoint_saved,9bc15d5d352eaa4f,6,CASA DE CAMPO,test,3.529135163323996,2.3238794996344105,0.6552627816669447,migrated_10_external_baselines_madrid,10_external_baselines.py,migration_pre_P3,2026-08-15T13:09:01,"SUSPECT_6STATION: MENDEZ ALVARO absente (ancien protocole pré-correctif P1) — non ré-agrégeable pour ARIMA/XGBoost/LSTM/Persistence sans re-run, cf. CHANGELOG_TABLES.md."
madrid,XGBoost,,,,,42,no_checkpoint_saved,9bc15d5d352eaa4f,6,CASTELLANA,test,5.225889582789615,3.3620936719628123,0.8836027095551342,migrated_10_external_baselines_madrid,10_external_baselines.py,migration_pre_P3,2026-08-15T13:09:01,"SUSPECT_6STATION: MENDEZ ALVARO absente (ancien protocole pré-correctif P1) — non ré-agrégeable pour ARIMA/XGBoost/LSTM/Persistence sans re-run, cf. CHANGELOG_TABLES.md."
madrid,XGBoost,,,,,42,no_checkpoint_saved,9bc15d5d352eaa4f,6,CUATRO CAMINOS-PABLO,test,4.177744994641075,2.676849654767551,0.8153380266825416,migrated_10_external_baselines_madrid,10_external_baselines.py,migration_pre_P3,2026-08-15T13:09:01,"SUSPECT_6STATION: MENDEZ ALVARO absente (ancien protocole pré-correctif P1) — non ré-agrégeable pour ARIMA/XGBoost/LSTM/Persistence sans re-run, cf. CHANGELOG_TABLES.md."
madrid,XGBoost,,,,,42,no_checkpoint_saved,9bc15d5d352eaa4f,6,ESCUELAS AGUIRRE,test,5.371399336982903,3.370657105986356,0.7376510069761801,migrated_10_external_baselines_madrid,10_external_baselines.py,migration_pre_P3,2026-08-15T13:09:01,"SUSPECT_6STATION: MENDEZ ALVARO absente (ancien protocole pré-correctif P1) — non ré-agrégeable pour ARIMA/XGBoost/LSTM/Persistence sans re-run, cf. CHANGELOG_TABLES.md."
madrid,XGBoost,,,,,42,no_checkpoint_saved,9bc15d5d352eaa4f,6,PLAZA CASTILLA-CANAL,test,4.67432266486859,2.999751560828265,0.7533294975995322,migrated_10_external_baselines_madrid,10_external_baselines.py,migration_pre_P3,2026-08-15T13:09:01,"SUSPECT_6STATION: MENDEZ ALVARO absente (ancien protocole pré-correctif P1) — non ré-agrégeable pour ARIMA/XGBoost/LSTM/Persistence sans re-run, cf. CHANGELOG_TABLES.md."
madrid,XGBoost,,,,,42,no_checkpoint_saved,9bc15d5d352eaa4f,6,PLAZA ELÍPTICA,test,5.341361629273627,3.354946193973284,0.7194092867075568,migrated_10_external_baselines_madrid,10_external_baselines.py,migration_pre_P3,2026-08-15T13:09:01,"SUSPECT_6STATION: MENDEZ ALVARO absente (ancien protocole pré-correctif P1) — non ré-agrégeable pour ARIMA/XGBoost/LSTM/Persistence sans re-run, cf. CHANGELOG_TABLES.md."
madrid,XGBoost,,,,,42,no_checkpoint_saved,9bc15d5d352eaa4f,6,__aggregate__,test,4.768816020776518,3.0146962811921134,0.8061102628707886,migrated_10_external_baselines_madrid,10_external_baselines.py,migration_pre_P3,2026-08-15T13:09:01,"SUSPECT_6STATION: MENDEZ ALVARO absente (ancien protocole pré-correctif P1) — non ré-agrégeable pour ARIMA/XGBoost/LSTM/Persistence sans re-run, cf. CHANGELOG_TABLES.md."
madrid,LSTM,,,,,123,no_checkpoint_saved,9bc15d5d352eaa4f,6,CASA DE CAMPO,test,3.796466695550267,2.381894826889038,0.6010570526123047,migrated_10_external_baselines_madrid,10_external_baselines.py,migration_pre_P3,2026-08-15T13:09:01,"SUSPECT_6STATION: MENDEZ ALVARO absente (ancien protocole pré-correctif P1) — non ré-agrégeable pour ARIMA/XGBoost/LSTM/Persistence sans re-run, cf. CHANGELOG_TABLES.md."
madrid,LSTM,,,,,123,no_checkpoint_saved,9bc15d5d352eaa4f,6,CASTELLANA,test,5.236702928002728,3.046241521835327,0.8831205368041992,migrated_10_external_baselines_madrid,10_external_baselines.py,migration_pre_P3,2026-08-15T13:09:01,"SUSPECT_6STATION: MENDEZ ALVARO absente (ancien protocole pré-correctif P1) — non ré-agrégeable pour ARIMA/XGBoost/LSTM/Persistence sans re-run, cf. CHANGELOG_TABLES.md."
madrid,LSTM,,,,,123,no_checkpoint_saved,9bc15d5d352eaa4f,6,CUATRO CAMINOS-PABLO,test,4.1468387835027185,2.513443946838379,0.8180601000785828,migrated_10_external_baselines_madrid,10_external_baselines.py,migration_pre_P3,2026-08-15T13:09:01,"SUSPECT_6STATION: MENDEZ ALVARO absente (ancien protocole pré-correctif P1) — non ré-agrégeable pour ARIMA/XGBoost/LSTM/Persistence sans re-run, cf. CHANGELOG_TABLES.md."
madrid,LSTM,,,,,123,no_checkpoint_saved,9bc15d5d352eaa4f,6,ESCUELAS AGUIRRE,test,5.525665567622597,3.2320268154144287,0.7223653197288513,migrated_10_external_baselines_madrid,10_external_baselines.py,migration_pre_P3,2026-08-15T13:09:01,"SUSPECT_6STATION: MENDEZ ALVARO absente (ancien protocole pré-correctif P1) — non ré-agrégeable pour ARIMA/XGBoost/LSTM/Persistence sans re-run, cf. CHANGELOG_TABLES.md."
madrid,LSTM,,,,,123,no_checkpoint_saved,9bc15d5d352eaa4f,6,PLAZA CASTILLA-CANAL,test,4.724577280340038,2.846019506454468,0.747996985912323,migrated_10_external_baselines_madrid,10_external_baselines.py,migration_pre_P3,2026-08-15T13:09:01,"SUSPECT_6STATION: MENDEZ ALVARO absente (ancien protocole pré-correctif P1) — non ré-agrégeable pour ARIMA/XGBoost/LSTM/Persistence sans re-run, cf. CHANGELOG_TABLES.md."
madrid,LSTM,,,,,123,no_checkpoint_saved,9bc15d5d352eaa4f,6,PLAZA ELÍPTICA,test,5.435268601954334,3.259416103363037,0.7094563245773315,migrated_10_external_baselines_madrid,10_external_baselines.py,migration_pre_P3,2026-08-15T13:09:01,"SUSPECT_6STATION: MENDEZ ALVARO absente (ancien protocole pré-correctif P1) — non ré-agrégeable pour ARIMA/XGBoost/LSTM/Persistence sans re-run, cf. CHANGELOG_TABLES.md."
madrid,LSTM,,,,,123,no_checkpoint_saved,9bc15d5d352eaa4f,6,__aggregate__,test,4.85505310718367,2.87984045346578,0.7990344166755676,migrated_10_external_baselines_madrid,10_external_baselines.py,migration_pre_P3,2026-08-15T13:09:01,"SUSPECT_6STATION: MENDEZ ALVARO absente (ancien protocole pré-correctif P1) — non ré-agrégeable pour ARIMA/XGBoost/LSTM/Persistence sans re-run, cf. CHANGELOG_TABLES.md."
madrid,LSTM,,,,,42,no_checkpoint_saved,9bc15d5d352eaa4f,6,CASA DE CAMPO,test,3.796789600055531,2.379310607910156,0.6009892225265503,migrated_10_external_baselines_madrid,10_external_baselines.py,migration_pre_P3,2026-08-15T13:09:01,"SUSPECT_6STATION: MENDEZ ALVARO absente (ancien protocole pré-correctif P1) — non ré-agrégeable pour ARIMA/XGBoost/LSTM/Persistence sans re-run, cf. CHANGELOG_TABLES.md."
madrid,LSTM,,,,,42,no_checkpoint_saved,9bc15d5d352eaa4f,6,CASTELLANA,test,5.237449358055717,3.0502407550811768,0.883087158203125,migrated_10_external_baselines_madrid,10_external_baselines.py,migration_pre_P3,2026-08-15T13:09:01,"SUSPECT_6STATION: MENDEZ ALVARO absente (ancien protocole pré-correctif P1) — non ré-agrégeable pour ARIMA/XGBoost/LSTM/Persistence sans re-run, cf. CHANGELOG_TABLES.md."
madrid,LSTM,,,,,42,no_checkpoint_saved,9bc15d5d352eaa4f,6,CUATRO CAMINOS-PABLO,test,4.147421732250831,2.514099359512329,0.8180089592933655,migrated_10_external_baselines_madrid,10_external_baselines.py,migration_pre_P3,2026-08-15T13:09:01,"SUSPECT_6STATION: MENDEZ ALVARO absente (ancien protocole pré-correctif P1) — non ré-agrégeable pour ARIMA/XGBoost/LSTM/Persistence sans re-run, cf. CHANGELOG_TABLES.md."
madrid,LSTM,,,,,42,no_checkpoint_saved,9bc15d5d352eaa4f,6,ESCUELAS AGUIRRE,test,5.526291515899353,3.2326438426971436,0.7223024368286133,migrated_10_external_baselines_madrid,10_external_baselines.py,migration_pre_P3,2026-08-15T13:09:01,"SUSPECT_6STATION: MENDEZ ALVARO absente (ancien protocole pré-correctif P1) — non ré-agrégeable pour ARIMA/XGBoost/LSTM/Persistence sans re-run, cf. CHANGELOG_TABLES.md."
madrid,LSTM,,,,,42,no_checkpoint_saved,9bc15d5d352eaa4f,6,PLAZA CASTILLA-CANAL,test,4.725161005738467,2.8437907695770264,0.7479346990585327,migrated_10_external_baselines_madrid,10_external_baselines.py,migration_pre_P3,2026-08-15T13:09:01,"SUSPECT_6STATION: MENDEZ ALVARO absente (ancien protocole pré-correctif P1) — non ré-agrégeable pour ARIMA/XGBoost/LSTM/Persistence sans re-run, cf. CHANGELOG_TABLES.md."
madrid,LSTM,,,,,42,no_checkpoint_saved,9bc15d5d352eaa4f,6,PLAZA ELÍPTICA,test,5.436037414983419,3.260953664779663,0.709374189376831,migrated_10_external_baselines_madrid,10_external_baselines.py,migration_pre_P3,2026-08-15T13:09:01,"SUSPECT_6STATION: MENDEZ ALVARO absente (ancien protocole pré-correctif P1) — non ré-agrégeable pour ARIMA/XGBoost/LSTM/Persistence sans re-run, cf. CHANGELOG_TABLES.md."
madrid,LSTM,,,,,42,no_checkpoint_saved,9bc15d5d352eaa4f,6,__aggregate__,test,4.855669217460945,2.880173166592916,0.7989833950996399,migrated_10_external_baselines_madrid,10_external_baselines.py,migration_pre_P3,2026-08-15T13:09:01,"SUSPECT_6STATION: MENDEZ ALVARO absente (ancien protocole pré-correctif P1) — non ré-agrégeable pour ARIMA/XGBoost/LSTM/Persistence sans re-run, cf. CHANGELOG_TABLES.md."
madrid,LSTM,,,,,777,no_checkpoint_saved,9bc15d5d352eaa4f,6,CASA DE CAMPO,test,3.7962618360187306,2.3784661293029785,0.6011001467704773,migrated_10_external_baselines_madrid,10_external_baselines.py,migration_pre_P3,2026-08-15T13:09:01,"SUSPECT_6STATION: MENDEZ ALVARO absente (ancien protocole pré-correctif P1) — non ré-agrégeable pour ARIMA/XGBoost/LSTM/Persistence sans re-run, cf. CHANGELOG_TABLES.md."
madrid,LSTM,,,,,777,no_checkpoint_saved,9bc15d5d352eaa4f,6,CASTELLANA,test,5.236394782888856,3.0526890754699707,0.8831342458724976,migrated_10_external_baselines_madrid,10_external_baselines.py,migration_pre_P3,2026-08-15T13:09:01,"SUSPECT_6STATION: MENDEZ ALVARO absente (ancien protocole pré-correctif P1) — non ré-agrégeable pour ARIMA/XGBoost/LSTM/Persistence sans re-run, cf. CHANGELOG_TABLES.md."
madrid,LSTM,,,,,777,no_checkpoint_saved,9bc15d5d352eaa4f,6,CUATRO CAMINOS-PABLO,test,4.146391225622933,2.5136752128601074,0.8180993795394897,migrated_10_external_baselines_madrid,10_external_baselines.py,migration_pre_P3,2026-08-15T13:09:01,"SUSPECT_6STATION: MENDEZ ALVARO absente (ancien protocole pré-correctif P1) — non ré-agrégeable pour ARIMA/XGBoost/LSTM/Persistence sans re-run, cf. CHANGELOG_TABLES.md."
madrid,LSTM,,,,,777,no_checkpoint_saved,9bc15d5d352eaa4f,6,ESCUELAS AGUIRRE,test,5.525223892301432,3.2322981357574463,0.722409725189209,migrated_10_external_baselines_madrid,10_external_baselines.py,migration_pre_P3,2026-08-15T13:09:01,"SUSPECT_6STATION: MENDEZ ALVARO absente (ancien protocole pré-correctif P1) — non ré-agrégeable pour ARIMA/XGBoost/LSTM/Persistence sans re-run, cf. CHANGELOG_TABLES.md."
madrid,LSTM,,,,,777,no_checkpoint_saved,9bc15d5d352eaa4f,6,PLAZA CASTILLA-CANAL,test,4.724122279755988,2.843048334121704,0.7480455040931702,migrated_10_external_baselines_madrid,10_external_baselines.py,migration_pre_P3,2026-08-15T13:09:01,"SUSPECT_6STATION: MENDEZ ALVARO absente (ancien protocole pré-correctif P1) — non ré-agrégeable pour ARIMA/XGBoost/LSTM/Persistence sans re-run, cf. CHANGELOG_TABLES.md."
madrid,LSTM,,,,,777,no_checkpoint_saved,9bc15d5d352eaa4f,6,PLAZA ELÍPTICA,test,5.43493363775958,3.260746955871582,0.7094922065734863,migrated_10_external_baselines_madrid,10_external_baselines.py,migration_pre_P3,2026-08-15T13:09:01,"SUSPECT_6STATION: MENDEZ ALVARO absente (ancien protocole pré-correctif P1) — non ré-agrégeable pour ARIMA/XGBoost/LSTM/Persistence sans re-run, cf. CHANGELOG_TABLES.md."
madrid,LSTM,,,,,777,no_checkpoint_saved,9bc15d5d352eaa4f,6,__aggregate__,test,4.854687227597622,2.8801539738972983,0.7990646958351135,migrated_10_external_baselines_madrid,10_external_baselines.py,migration_pre_P3,2026-08-15T13:09:01,"SUSPECT_6STATION: MENDEZ ALVARO absente (ancien protocole pré-correctif P1) — non ré-agrégeable pour ARIMA/XGBoost/LSTM/Persistence sans re-run, cf. CHANGELOG_TABLES.md."
beijing,GCN-Transformer,,distance,,1.0,42,no_checkpoint_saved,9bc15d5d352eaa4f,12,Aotizhongxin,test,22.74284635983093,12.78067684173584,0.9403345584869384,migrated_13_edge_pruning_beijing,13_edge_pruning.py,migration_pre_P3,2026-08-15T13:09:01,
beijing,GCN-Transformer,,distance,,1.0,42,no_checkpoint_saved,9bc15d5d352eaa4f,12,Changping,test,21.947981631691743,12.35500717163086,0.9260218143463136,migrated_13_edge_pruning_beijing,13_edge_pruning.py,migration_pre_P3,2026-08-15T13:09:01,
beijing,GCN-Transformer,,distance,,1.0,42,no_checkpoint_saved,9bc15d5d352eaa4f,12,Dingling,test,26.59631005414273,13.206576347351074,0.8798683285713196,migrated_13_edge_pruning_beijing,13_edge_pruning.py,migration_pre_P3,2026-08-15T13:09:01,
beijing,GCN-Transformer,,distance,,1.0,42,no_checkpoint_saved,9bc15d5d352eaa4f,12,Dongsi,test,25.651690320690246,14.80483341217041,0.9360833168029784,migrated_13_edge_pruning_beijing,13_edge_pruning.py,migration_pre_P3,2026-08-15T13:09:01,
beijing,GCN-Transformer,,distance,,1.0,42,no_checkpoint_saved,9bc15d5d352eaa4f,12,Guanyuan,test,25.08615039032992,13.285491943359377,0.9297356009483336,migrated_13_edge_pruning_beijing,13_edge_pruning.py,migration_pre_P3,2026-08-15T13:09:01,
beijing,GCN-Transformer,,distance,,1.0,42,no_checkpoint_saved,9bc15d5d352eaa4f,12,Gucheng,test,29.46464773773129,15.982413291931152,0.9131702184677124,migrated_13_edge_pruning_beijing,13_edge_pruning.py,migration_pre_P3,2026-08-15T13:09:01,
beijing,GCN-Transformer,,distance,,1.0,42,no_checkpoint_saved,9bc15d5d352eaa4f,12,Huairou,test,19.318978516169096,9.93276596069336,0.9361339211463928,migrated_13_edge_pruning_beijing,13_edge_pruning.py,migration_pre_P3,2026-08-15T13:09:01,
beijing,GCN-Transformer,,distance,,1.0,42,no_checkpoint_saved,9bc15d5d352eaa4f,12,Nongzhanguan,test,23.3570559572109,13.570867538452148,0.9438875317573548,migrated_13_edge_pruning_beijing,13_edge_pruning.py,migration_pre_P3,2026-08-15T13:09:01,
beijing,GCN-Transformer,,distance,,1.0,42,no_checkpoint_saved,9bc15d5d352eaa4f,12,Shunyi,test,20.50218821686328,11.792325973510742,0.9496591687202454,migrated_13_edge_pruning_beijing,13_edge_pruning.py,migration_pre_P3,2026-08-15T13:09:01,
beijing,GCN-Transformer,,distance,,1.0,42,no_checkpoint_saved,9bc15d5d352eaa4f,12,Tiantan,test,22.42629461559682,12.651820182800291,0.9430404901504515,migrated_13_edge_pruning_beijing,13_edge_pruning.py,migration_pre_P3,2026-08-15T13:09:01,
beijing,GCN-Transformer,,distance,,1.0,42,no_checkpoint_saved,9bc15d5d352eaa4f,12,Wanliu,test,22.698082339583916,12.733671188354492,0.9375366568565368,migrated_13_edge_pruning_beijing,13_edge_pruning.py,migration_pre_P3,2026-08-15T13:09:01,
beijing,GCN-Transformer,,distance,,1.0,42,no_checkpoint_saved,9bc15d5d352eaa4f,12,Wanshouxigong,test,27.09895220205421,13.965258598327637,0.930577516555786,migrated_13_edge_pruning_beijing,13_edge_pruning.py,migration_pre_P3,2026-08-15T13:09:01,
beijing,GCN-Transformer,,distance,,1.0,42,no_checkpoint_saved,9bc15d5d352eaa4f,12,__aggregate__,test,24.071792037050336,13.088476181030272,0.9324153065681458,migrated_13_edge_pruning_beijing,13_edge_pruning.py,migration_pre_P3,2026-08-15T13:09:01,
beijing,GCN-Transformer,,distance,,0.75,42,no_checkpoint_saved,9bc15d5d352eaa4f,12,Aotizhongxin,test,22.60280468847077,12.651865005493164,0.941067099571228,migrated_13_edge_pruning_beijing,13_edge_pruning.py,migration_pre_P3,2026-08-15T13:09:01,
beijing,GCN-Transformer,,distance,,0.75,42,no_checkpoint_saved,9bc15d5d352eaa4f,12,Changping,test,23.010241011476825,12.705521583557127,0.9186875820159912,migrated_13_edge_pruning_beijing,13_edge_pruning.py,migration_pre_P3,2026-08-15T13:09:01,
beijing,GCN-Transformer,,distance,,0.75,42,no_checkpoint_saved,9bc15d5d352eaa4f,12,Dingling,test,25.56694428625992,12.777949333190918,0.8889873623847961,migrated_13_edge_pruning_beijing,13_edge_pruning.py,migration_pre_P3,2026-08-15T13:09:01,
beijing,GCN-Transformer,,distance,,0.75,42,no_checkpoint_saved,9bc15d5d352eaa4f,12,Dongsi,test,25.33015154215303,14.489279747009276,0.9376756548881532,migrated_13_edge_pruning_beijing,13_edge_pruning.py,migration_pre_P3,2026-08-15T13:09:01,
beijing,GCN-Transformer,,distance,,0.75,42,no_checkpoint_saved,9bc15d5d352eaa4f,12,Guanyuan,test,24.694318925757624,13.213817596435549,0.931913435459137,migrated_13_edge_pruning_beijing,13_edge_pruning.py,migration_pre_P3,2026-08-15T13:09:01,
beijing,GCN-Transformer,,distance,,0.75,42,no_checkpoint_saved,9bc15d5d352eaa4f,12,Gucheng,test,29.278968486021988,15.820196151733398,0.9142611622810364,migrated_13_edge_pruning_beijing,13_edge_pruning.py,migration_pre_P3,2026-08-15T13:09:01,
beijing,GCN-Transformer,,distance,,0.75,42,no_checkpoint_saved,9bc15d5d352eaa4f,12,Huairou,test,20.04455714752098,10.052327156066896,0.9312465190887452,migrated_13_edge_pruning_beijing,13_edge_pruning.py,migration_pre_P3,2026-08-15T13:09:01,
beijing,GCN-Transformer,,distance,,0.75,42,no_checkpoint_saved,9bc15d5d352eaa4f,12,Nongzhanguan,test,23.37935887458676,13.518148422241213,0.9437803030014038,migrated_13_edge_pruning_beijing,13_edge_pruning.py,migration_pre_P3,2026-08-15T13:09:01,
beijing,GCN-Transformer,,distance,,0.75,42,no_checkpoint_saved,9bc15d5d352eaa4f,12,Shunyi,test,20.591487777634825,11.29420566558838,0.9492197036743164,migrated_13_edge_pruning_beijing,13_edge_pruning.py,migration_pre_P3,2026-08-15T13:09:01,
beijing,GCN-Transformer,,distance,,0.75,42,no_checkpoint_saved,9bc15d5d352eaa4f,12,Tiantan,test,22.762396819851265,12.891114234924316,0.9413204193115234,migrated_13_edge_pruning_beijing,13_edge_pruning.py,migration_pre_P3,2026-08-15T13:09:01,
beijing,GCN-Transformer,,distance,,0.75,42,no_checkpoint_saved,9bc15d5d352eaa4f,12,Wanliu,test,22.85351620921822,12.871865272521973,0.9366782307624816,migrated_13_edge_pruning_beijing,13_edge_pruning.py,migration_pre_P3,2026-08-15T13:09:01,
beijing,GCN-Transformer,,distance,,0.75,42,no_checkpoint_saved,9bc15d5d352eaa4f,12,Wanshouxigong,test,27.168288605683625,13.888409614562988,0.9302217960357666,migrated_13_edge_pruning_beijing,13_edge_pruning.py,migration_pre_P3,2026-08-15T13:09:01,
beijing,GCN-Transformer,,distance,,0.75,42,no_checkpoint_saved,9bc15d5d352eaa4f,12,__aggregate__,test,24.072155885272178,13.014558792114258,0.9324132800102234,migrated_13_edge_pruning_beijing,13_edge_pruning.py,migration_pre_P3,2026-08-15T13:09:01,
beijing,GCN-Transformer,,distance,,0.5,42,no_checkpoint_saved,9bc15d5d352eaa4f,12,Aotizhongxin,test,21.848045614378616,12.31785011291504,0.944937229156494,migrated_13_edge_pruning_beijing,13_edge_pruning.py,migration_pre_P3,2026-08-15T13:09:01,
beijing,GCN-Transformer,,distance,,0.5,42,no_checkpoint_saved,9bc15d5d352eaa4f,12,Changping,test,21.27012058699142,11.49300479888916,0.9305208921432496,migrated_13_edge_pruning_beijing,13_edge_pruning.py,migration_pre_P3,2026-08-15T13:09:01,
beijing,GCN-Transformer,,distance,,0.5,42,no_checkpoint_saved,9bc15d5d352eaa4f,12,Dingling,test,19.641378577925895,10.346662521362305,0.9344822764396667,migrated_13_edge_pruning_beijing,13_edge_pruning.py,migration_pre_P3,2026-08-15T13:09:01,
beijing,GCN-Transformer,,distance,,0.5,42,no_checkpoint_saved,9bc15d5d352eaa4f,12,Dongsi,test,25.344830096050284,14.431815147399902,0.9376034140586852,migrated_13_edge_pruning_beijing,13_edge_pruning.py,migration_pre_P3,2026-08-15T13:09:01,
beijing,GCN-Transformer,,distance,,0.5,42,no_checkpoint_saved,9bc15d5d352eaa4f,12,Guanyuan,test,24.504714200871764,13.130627632141112,0.932954967021942,migrated_13_edge_pruning_beijing,13_edge_pruning.py,migration_pre_P3,2026-08-15T13:09:01,
beijing,GCN-Transformer,,distance,,0.5,42,no_checkpoint_saved,9bc15d5d352eaa4f,12,Gucheng,test,22.92926293261108,11.928607940673828,0.94741690158844,migrated_13_edge_pruning_beijing,13_edge_pruning.py,migration_pre_P3,2026-08-15T13:09:01,
beijing,GCN-Transformer,,distance,,0.5,42,no_checkpoint_saved,9bc15d5d352eaa4f,12,Huairou,test,20.247034679924813,9.760830879211426,0.929850459098816,migrated_13_edge_pruning_beijing,13_edge_pruning.py,migration_pre_P3,2026-08-15T13:09:01,
beijing,GCN-Transformer,,distance,,0.5,42,no_checkpoint_saved,9bc15d5d352eaa4f,12,Nongzhanguan,test,23.14371866980731,13.338418960571287,0.94490784406662,migrated_13_edge_pruning_beijing,13_edge_pruning.py,migration_pre_P3,2026-08-15T13:09:01,
beijing,GCN-Transformer,,distance,,0.5,42,no_checkpoint_saved,9bc15d5d352eaa4f,12,Shunyi,test,20.924060664633565,11.201098442077637,0.9475661516189576,migrated_13_edge_pruning_beijing,13_edge_pruning.py,migration_pre_P3,2026-08-15T13:09:01,
beijing,GCN-Transformer,,distance,,0.5,42,no_checkpoint_saved,9bc15d5d352eaa4f,12,Tiantan,test,22.24671140220259,12.558107376098633,0.9439491033554076,migrated_13_edge_pruning_beijing,13_edge_pruning.py,migration_pre_P3,2026-08-15T13:09:01,
beijing,GCN-Transformer,,distance,,0.5,42,no_checkpoint_saved,9bc15d5d352eaa4f,12,Wanliu,test,20.405885842127834,11.47908878326416,0.9495155215263368,migrated_13_edge_pruning_beijing,13_edge_pruning.py,migration_pre_P3,2026-08-15T13:09:01,
beijing,GCN-Transformer,,distance,,0.5,42,no_checkpoint_saved,9bc15d5d352eaa4f,12,Wanshouxigong,test,26.769854726358012,13.578411102294922,0.9322534799575806,migrated_13_edge_pruning_beijing,13_edge_pruning.py,migration_pre_P3,2026-08-15T13:09:01,
beijing,GCN-Transformer,,distance,,0.5,42,no_checkpoint_saved,9bc15d5d352eaa4f,12,__aggregate__,test,22.53786351338669,12.130377769470217,0.9407542943954468,migrated_13_edge_pruning_beijing,13_edge_pruning.py,migration_pre_P3,2026-08-15T13:09:01,
beijing,GCN-Transformer,,distance,,0.25,42,no_checkpoint_saved,9bc15d5d352eaa4f,12,Aotizhongxin,test,20.181527119255232,11.522366523742676,0.953016996383667,migrated_13_edge_pruning_beijing,13_edge_pruning.py,migration_pre_P3,2026-08-15T13:09:01,
beijing,GCN-Transformer,,distance,,0.25,42,no_checkpoint_saved,9bc15d5d352eaa4f,12,Changping,test,20.82764440555809,11.42405128479004,0.9333814978599548,migrated_13_edge_pruning_beijing,13_edge_pruning.py,migration_pre_P3,2026-08-15T13:09:01,
beijing,GCN-Transformer,,distance,,0.25,42,no_checkpoint_saved,9bc15d5d352eaa4f,12,Dingling,test,19.29564378030659,10.14279079437256,0.9367685317993164,migrated_13_edge_pruning_beijing,13_edge_pruning.py,migration_pre_P3,2026-08-15T13:09:01,
beijing,GCN-Transformer,,distance,,0.25,42,no_checkpoint_saved,9bc15d5d352eaa4f,12,Dongsi,test,25.19339866762286,14.61603832244873,0.938346803188324,migrated_13_edge_pruning_beijing,13_edge_pruning.py,migration_pre_P3,2026-08-15T13:09:01,
beijing,GCN-Transformer,,distance,,0.25,42,no_checkpoint_saved,9bc15d5d352eaa4f,12,Guanyuan,test,23.56225650570473,12.860464096069336,0.938012957572937,migrated_13_edge_pruning_beijing,13_edge_pruning.py,migration_pre_P3,2026-08-15T13:09:01,
beijing,GCN-Transformer,,distance,,0.25,42,no_checkpoint_saved,9bc15d5d352eaa4f,12,Gucheng,test,22.43926603969904,11.877253532409668,0.9496402740478516,migrated_13_edge_pruning_beijing,13_edge_pruning.py,migration_pre_P3,2026-08-15T13:09:01,
beijing,GCN-Transformer,,distance,,0.25,42,no_checkpoint_saved,9bc15d5d352eaa4f,12,Huairou,test,19.96186932144985,9.573721885681152,0.931812584400177,migrated_13_edge_pruning_beijing,13_edge_pruning.py,migration_pre_P3,2026-08-15T13:09:01,
beijing,GCN-Transformer,,distance,,0.25,42,no_checkpoint_saved,9bc15d5d352eaa4f,12,Nongzhanguan,test,22.170755262643077,12.552453994750977,0.9494426250457764,migrated_13_edge_pruning_beijing,13_edge_pruning.py,migration_pre_P3,2026-08-15T13:09:01,
beijing,GCN-Transformer,,distance,,0.25,42,no_checkpoint_saved,9bc15d5d352eaa4f,12,Shunyi,test,20.79842012714322,11.171629905700684,0.948193907737732,migrated_13_edge_pruning_beijing,13_edge_pruning.py,migration_pre_P3,2026-08-15T13:09:01,
beijing,GCN-Transformer,,distance,,0.25,42,no_checkpoint_saved,9bc15d5d352eaa4f,12,Tiantan,test,21.10040115047431,11.990474700927734,0.9495765566825868,migrated_13_edge_pruning_beijing,13_edge_pruning.py,migration_pre_P3,2026-08-15T13:09:01,
beijing,GCN-Transformer,,distance,,0.25,42,no_checkpoint_saved,9bc15d5d352eaa4f,12,Wanliu,test,20.6646251695606,11.234084129333496,0.9482271671295166,migrated_13_edge_pruning_beijing,13_edge_pruning.py,migration_pre_P3,2026-08-15T13:09:01,
beijing,GCN-Transformer,,distance,,0.25,42,no_checkpoint_saved,9bc15d5d352eaa4f,12,Wanshouxigong,test,25.30636137949372,13.206270217895508,0.9394583106040956,migrated_13_edge_pruning_beijing,13_edge_pruning.py,migration_pre_P3,2026-08-15T13:09:01,
beijing,GCN-Transformer,,distance,,0.25,42,no_checkpoint_saved,9bc15d5d352eaa4f,12,__aggregate__,test,21.874780969885588,11.847633361816406,0.9441891312599182,migrated_13_edge_pruning_beijing,13_edge_pruning.py,migration_pre_P3,2026-08-15T13:09:01,
beijing,GCN-Transformer,,distance,,0.0,42,no_checkpoint_saved,9bc15d5d352eaa4f,12,Aotizhongxin,test,20.89344639581804,11.539714813232422,0.9496437907218932,migrated_13_edge_pruning_beijing,13_edge_pruning.py,migration_pre_P3,2026-08-15T13:09:01,
beijing,GCN-Transformer,,distance,,0.0,42,no_checkpoint_saved,9bc15d5d352eaa4f,12,Changping,test,21.337311294338008,11.73585605621338,0.9300811886787416,migrated_13_edge_pruning_beijing,13_edge_pruning.py,migration_pre_P3,2026-08-15T13:09:01,
beijing,GCN-Transformer,,distance,,0.0,42,no_checkpoint_saved,9bc15d5d352eaa4f,12,Dingling,test,19.89382599562338,10.694720268249512,0.932787299156189,migrated_13_edge_pruning_beijing,13_edge_pruning.py,migration_pre_P3,2026-08-15T13:09:01,
beijing,GCN-Transformer,,distance,,0.0,42,no_checkpoint_saved,9bc15d5d352eaa4f,12,Dongsi,test,23.406512066707126,12.299354553222656,0.9467823505401612,migrated_13_edge_pruning_beijing,13_edge_pruning.py,migration_pre_P3,2026-08-15T13:09:01,
beijing,GCN-Transformer,,distance,,0.0,42,no_checkpoint_saved,9bc15d5d352eaa4f,12,Guanyuan,test,21.32631345328612,11.949091911315918,0.949219286441803,migrated_13_edge_pruning_beijing,13_edge_pruning.py,migration_pre_P3,2026-08-15T13:09:01,
beijing,GCN-Transformer,,distance,,0.0,42,no_checkpoint_saved,9bc15d5d352eaa4f,12,Gucheng,test,22.67342156380806,11.865961074829102,0.9485837817192078,migrated_13_edge_pruning_beijing,13_edge_pruning.py,migration_pre_P3,2026-08-15T13:09:01,
beijing,GCN-Transformer,,distance,,0.0,42,no_checkpoint_saved,9bc15d5d352eaa4f,12,Huairou,test,20.09076313701733,9.78709602355957,0.9309291839599608,migrated_13_edge_pruning_beijing,13_edge_pruning.py,migration_pre_P3,2026-08-15T13:09:01,
beijing,GCN-Transformer,,distance,,0.0,42,no_checkpoint_saved,9bc15d5d352eaa4f,12,Nongzhanguan,test,21.48394104675375,11.64262580871582,0.9525265097618104,migrated_13_edge_pruning_beijing,13_edge_pruning.py,migration_pre_P3,2026-08-15T13:09:01,
beijing,GCN-Transformer,,distance,,0.0,42,no_checkpoint_saved,9bc15d5d352eaa4f,12,Shunyi,test,20.909644337442938,11.208258628845217,0.9476383924484252,migrated_13_edge_pruning_beijing,13_edge_pruning.py,migration_pre_P3,2026-08-15T13:09:01,
beijing,GCN-Transformer,,distance,,0.0,42,no_checkpoint_saved,9bc15d5d352eaa4f,12,Tiantan,test,20.51015016438507,11.646138191223145,0.9523581266403198,migrated_13_edge_pruning_beijing,13_edge_pruning.py,migration_pre_P3,2026-08-15T13:09:01,
beijing,GCN-Transformer,,distance,,0.0,42,no_checkpoint_saved,9bc15d5d352eaa4f,12,Wanliu,test,20.98563147764739,11.199419975280762,0.9466061592102052,migrated_13_edge_pruning_beijing,13_edge_pruning.py,migration_pre_P3,2026-08-15T13:09:01,
beijing,GCN-Transformer,,distance,,0.0,42,no_checkpoint_saved,9bc15d5d352eaa4f,12,Wanshouxigong,test,24.91122666323735,12.291023254394531,0.9413341283798218,migrated_13_edge_pruning_beijing,13_edge_pruning.py,migration_pre_P3,2026-08-15T13:09:01,
beijing,GCN-Transformer,,distance,,0.0,42,no_checkpoint_saved,9bc15d5d352eaa4f,12,__aggregate__,test,21.58005611719961,11.488271713256836,0.9456828832626344,migrated_13_edge_pruning_beijing,13_edge_pruning.py,migration_pre_P3,2026-08-15T13:09:01,
london,GCN-Transformer,,distance,,1.0,42,no_checkpoint_saved,9bc15d5d352eaa4f,8,BL0,test,3.274436634326094,2.230088710784912,-0.451399564743042,migrated_13_edge_pruning_london,13_edge_pruning.py,migration_pre_P3,2026-08-15T13:09:01,
london,GCN-Transformer,,distance,,1.0,42,no_checkpoint_saved,9bc15d5d352eaa4f,8,BT4,test,4.354896788397821,3.007108449935913,0.4693566560745239,migrated_13_edge_pruning_london,13_edge_pruning.py,migration_pre_P3,2026-08-15T13:09:01,
london,GCN-Transformer,,distance,,1.0,42,no_checkpoint_saved,9bc15d5d352eaa4f,8,CT3,test,2.881133296034573,2.314112663269043,-1.153228521347046,migrated_13_edge_pruning_london,13_edge_pruning.py,migration_pre_P3,2026-08-15T13:09:01,
london,GCN-Transformer,,distance,,1.0,42,no_checkpoint_saved,9bc15d5d352eaa4f,8,GN0,test,2.7769265163261334,2.0298643112182617,-0.1957666873931884,migrated_13_edge_pruning_london,13_edge_pruning.py,migration_pre_P3,2026-08-15T13:09:01,
london,GCN-Transformer,,distance,,1.0,42,no_checkpoint_saved,9bc15d5d352eaa4f,8,KC1,test,2.589914542448982,1.8266925811767576,0.7113474607467651,migrated_13_edge_pruning_london,13_edge_pruning.py,migration_pre_P3,2026-08-15T13:09:01,
london,GCN-Transformer,,distance,,1.0,42,no_checkpoint_saved,9bc15d5d352eaa4f,8,LH0,test,1.8834733238629875,1.25047767162323,0.5604754686355591,migrated_13_edge_pruning_london,13_edge_pruning.py,migration_pre_P3,2026-08-15T13:09:01,
london,GCN-Transformer,,distance,,1.0,42,no_checkpoint_saved,9bc15d5d352eaa4f,8,RB7,test,3.318153307591538,2.5384538173675537,0.5244415998458862,migrated_13_edge_pruning_london,13_edge_pruning.py,migration_pre_P3,2026-08-15T13:09:01,
london,GCN-Transformer,,distance,,1.0,42,no_checkpoint_saved,9bc15d5d352eaa4f,8,TH4,test,4.9876841499158,2.869363784790039,0.4821115136146545,migrated_13_edge_pruning_london,13_edge_pruning.py,migration_pre_P3,2026-08-15T13:09:01,
london,GCN-Transformer,,distance,,1.0,42,no_checkpoint_saved,9bc15d5d352eaa4f,8,__aggregate__,test,3.3882437927554014,2.258270263671875,0.4854353070259094,migrated_13_edge_pruning_london,13_edge_pruning.py,migration_pre_P3,2026-08-15T13:09:01,
london,GCN-Transformer,,distance,,0.75,42,no_checkpoint_saved,9bc15d5d352eaa4f,8,BL0,test,2.3209037669627124,1.5457106828689575,0.270831286907196,migrated_13_edge_pruning_london,13_edge_pruning.py,migration_pre_P3,2026-08-15T13:09:01,
london,GCN-Transformer,,distance,,0.75,42,no_checkpoint_saved,9bc15d5d352eaa4f,8,BT4,test,3.867528911894309,2.834594488143921,0.5814819931983948,migrated_13_edge_pruning_london,13_edge_pruning.py,migration_pre_P3,2026-08-15T13:09:01,
london,GCN-Transformer,,distance,,0.75,42,no_checkpoint_saved,9bc15d5d352eaa4f,8,CT3,test,2.9023276491604206,2.525733709335327,-1.1850242614746094,migrated_13_edge_pruning_london,13_edge_pruning.py,migration_pre_P3,2026-08-15T13:09:01,
london,GCN-Transformer,,distance,,0.75,42,no_checkpoint_saved,9bc15d5d352eaa4f,8,GN0,test,2.9521083797522105,2.2302653789520264,-0.351394772529602,migrated_13_edge_pruning_london,13_edge_pruning.py,migration_pre_P3,2026-08-15T13:09:01,
london,GCN-Transformer,,distance,,0.75,42,no_checkpoint_saved,9bc15d5d352eaa4f,8,KC1,test,2.4645405868559465,1.6279006004333496,0.7386175394058228,migrated_13_edge_pruning_london,13_edge_pruning.py,migration_pre_P3,2026-08-15T13:09:01,
london,GCN-Transformer,,distance,,0.75,42,no_checkpoint_saved,9bc15d5d352eaa4f,8,LH0,test,1.429932536821311,1.0048683881759644,0.7466649413108826,migrated_13_edge_pruning_london,13_edge_pruning.py,migration_pre_P3,2026-08-15T13:09:01,
london,GCN-Transformer,,distance,,0.75,42,no_checkpoint_saved,9bc15d5d352eaa4f,8,RB7,test,3.143878978108366,2.3097786903381348,0.5730838179588318,migrated_13_edge_pruning_london,13_edge_pruning.py,migration_pre_P3,2026-08-15T13:09:01,
london,GCN-Transformer,,distance,,0.75,42,no_checkpoint_saved,9bc15d5d352eaa4f,8,TH4,test,4.558942897471653,2.8700971603393555,0.5673201680183411,migrated_13_edge_pruning_london,13_edge_pruning.py,migration_pre_P3,2026-08-15T13:09:01,
london,GCN-Transformer,,distance,,0.75,42,no_checkpoint_saved,9bc15d5d352eaa4f,8,__aggregate__,test,3.0876654700290267,2.1186187267303467,0.5726820230484009,migrated_13_edge_pruning_london,13_edge_pruning.py,migration_pre_P3,2026-08-15T13:09:01,
london,GCN-Transformer,,distance,,0.5,42,no_checkpoint_saved,9bc15d5d352eaa4f,8,BL0,test,2.1979994434359456,1.5029401779174805,0.3460132479667663,migrated_13_edge_pruning_london,13_edge_pruning.py,migration_pre_P3,2026-08-15T13:09:01,
london,GCN-Transformer,,distance,,0.5,42,no_checkpoint_saved,9bc15d5d352eaa4f,8,BT4,test,4.021671003667898,2.956401824951172,0.5474567413330078,migrated_13_edge_pruning_london,13_edge_pruning.py,migration_pre_P3,2026-08-15T13:09:01,
london,GCN-Transformer,,distance,,0.5,42,no_checkpoint_saved,9bc15d5d352eaa4f,8,CT3,test,2.1782371590633254,1.8102846145629885,-0.2307610511779785,migrated_13_edge_pruning_london,13_edge_pruning.py,migration_pre_P3,2026-08-15T13:09:01,
london,GCN-Transformer,,distance,,0.5,42,no_checkpoint_saved,9bc15d5d352eaa4f,8,GN0,test,3.3117306373636617,2.397813320159912,-0.7006999254226685,migrated_13_edge_pruning_london,13_edge_pruning.py,migration_pre_P3,2026-08-15T13:09:01,
london,GCN-Transformer,,distance,,0.5,42,no_checkpoint_saved,9bc15d5d352eaa4f,8,KC1,test,2.518511709295472,1.5911682844161987,0.7270441055297852,migrated_13_edge_pruning_london,13_edge_pruning.py,migration_pre_P3,2026-08-15T13:09:01,
london,GCN-Transformer,,distance,,0.5,42,no_checkpoint_saved,9bc15d5d352eaa4f,8,LH0,test,1.477435867931569,1.078304409980774,0.7295534610748291,migrated_13_edge_pruning_london,13_edge_pruning.py,migration_pre_P3,2026-08-15T13:09:01,
london,GCN-Transformer,,distance,,0.5,42,no_checkpoint_saved,9bc15d5d352eaa4f,8,RB7,test,3.066345136482962,2.193124294281006,0.5938812494277954,migrated_13_edge_pruning_london,13_edge_pruning.py,migration_pre_P3,2026-08-15T13:09:01,
london,GCN-Transformer,,distance,,0.5,42,no_checkpoint_saved,9bc15d5d352eaa4f,8,TH4,test,4.279768415941661,2.6858937740325928,0.6186893582344055,migrated_13_edge_pruning_london,13_edge_pruning.py,migration_pre_P3,2026-08-15T13:09:01,
london,GCN-Transformer,,distance,,0.5,42,no_checkpoint_saved,9bc15d5d352eaa4f,8,__aggregate__,test,3.019973544832275,2.026991128921509,0.5912131071090698,migrated_13_edge_pruning_london,13_edge_pruning.py,migration_pre_P3,2026-08-15T13:09:01,
london,GCN-Transformer,,distance,,0.25,42,no_checkpoint_saved,9bc15d5d352eaa4f,8,BL0,test,2.1166047705463833,1.3089414834976196,0.393552303314209,migrated_13_edge_pruning_london,13_edge_pruning.py,migration_pre_P3,2026-08-15T13:09:01,
london,GCN-Transformer,,distance,,0.25,42,no_checkpoint_saved,9bc15d5d352eaa4f,8,BT4,test,3.1959520366827108,2.25252103805542,0.7142096757888794,migrated_13_edge_pruning_london,13_edge_pruning.py,migration_pre_P3,2026-08-15T13:09:01,
london,GCN-Transformer,,distance,,0.25,42,no_checkpoint_saved,9bc15d5d352eaa4f,8,CT3,test,2.0159625576568905,1.6375337839126587,-0.0542129278182983,migrated_13_edge_pruning_london,13_edge_pruning.py,migration_pre_P3,2026-08-15T13:09:01,
london,GCN-Transformer,,distance,,0.25,42,no_checkpoint_saved,9bc15d5d352eaa4f,8,GN0,test,1.6327656278316454,1.1646820306777954,0.58660489320755,migrated_13_edge_pruning_london,13_edge_pruning.py,migration_pre_P3,2026-08-15T13:09:01,
london,GCN-Transformer,,distance,,0.25,42,no_checkpoint_saved,9bc15d5d352eaa4f,8,KC1,test,2.7999718426242297,1.7062773704528809,0.6626258492469788,migrated_13_edge_pruning_london,13_edge_pruning.py,migration_pre_P3,2026-08-15T13:09:01,
london,GCN-Transformer,,distance,,0.25,42,no_checkpoint_saved,9bc15d5d352eaa4f,8,LH0,test,1.2850039313586468,0.8130028247833252,0.7954152822494507,migrated_13_edge_pruning_london,13_edge_pruning.py,migration_pre_P3,2026-08-15T13:09:01,
london,GCN-Transformer,,distance,,0.25,42,no_checkpoint_saved,9bc15d5d352eaa4f,8,RB7,test,2.6144167681117776,1.7723132371902466,0.7047699093818665,migrated_13_edge_pruning_london,13_edge_pruning.py,migration_pre_P3,2026-08-15T13:09:01,
london,GCN-Transformer,,distance,,0.25,42,no_checkpoint_saved,9bc15d5d352eaa4f,8,TH4,test,3.0760756123331117,2.0013234615325928,0.8030153512954712,migrated_13_edge_pruning_london,13_edge_pruning.py,migration_pre_P3,2026-08-15T13:09:01,
london,GCN-Transformer,,distance,,0.25,42,no_checkpoint_saved,9bc15d5d352eaa4f,8,__aggregate__,test,2.4293168450635902,1.582074522972107,0.7354797124862671,migrated_13_edge_pruning_london,13_edge_pruning.py,migration_pre_P3,2026-08-15T13:09:01,
london,GCN-Transformer,,distance,,0.0,42,no_checkpoint_saved,9bc15d5d352eaa4f,8,BL0,test,1.1703637105537232,0.7850131988525391,0.8145804405212402,migrated_13_edge_pruning_london,13_edge_pruning.py,migration_pre_P3,2026-08-15T13:09:01,
london,GCN-Transformer,,distance,,0.0,42,no_checkpoint_saved,9bc15d5d352eaa4f,8,BT4,test,3.1341114728294355,2.2193124294281006,0.7251625657081604,migrated_13_edge_pruning_london,13_edge_pruning.py,migration_pre_P3,2026-08-15T13:09:01,
london,GCN-Transformer,,distance,,0.0,42,no_checkpoint_saved,9bc15d5d352eaa4f,8,CT3,test,1.3926116810911515,0.9792696833610536,0.4969357252120971,migrated_13_edge_pruning_london,13_edge_pruning.py,migration_pre_P3,2026-08-15T13:09:01,
london,GCN-Transformer,,distance,,0.0,42,no_checkpoint_saved,9bc15d5d352eaa4f,8,GN0,test,1.5586914184868583,0.975939929485321,0.6232632994651794,migrated_13_edge_pruning_london,13_edge_pruning.py,migration_pre_P3,2026-08-15T13:09:01,
london,GCN-Transformer,,distance,,0.0,42,no_checkpoint_saved,9bc15d5d352eaa4f,8,KC1,test,1.7668569537314958,1.1322895288467407,0.8656594157218933,migrated_13_edge_pruning_london,13_edge_pruning.py,migration_pre_P3,2026-08-15T13:09:01,
london,GCN-Transformer,,distance,,0.0,42,no_checkpoint_saved,9bc15d5d352eaa4f,8,LH0,test,1.2001461456632343,0.7655034065246582,0.8215434551239014,migrated_13_edge_pruning_london,13_edge_pruning.py,migration_pre_P3,2026-08-15T13:09:01,
london,GCN-Transformer,,distance,,0.0,42,no_checkpoint_saved,9bc15d5d352eaa4f,8,RB7,test,2.6308896431884463,1.8155648708343504,0.7010378241539001,migrated_13_edge_pruning_london,13_edge_pruning.py,migration_pre_P3,2026-08-15T13:09:01,
london,GCN-Transformer,,distance,,0.0,42,no_checkpoint_saved,9bc15d5d352eaa4f,8,TH4,test,2.82044158386534,1.866690993309021,0.8343952894210815,migrated_13_edge_pruning_london,13_edge_pruning.py,migration_pre_P3,2026-08-15T13:09:01,
london,GCN-Transformer,,distance,,0.0,42,no_checkpoint_saved,9bc15d5d352eaa4f,8,__aggregate__,test,2.091646988714092,1.3174480199813845,0.8039045929908752,migrated_13_edge_pruning_london,13_edge_pruning.py,migration_pre_P3,2026-08-15T13:09:01,
madrid,GCN-Transformer,,distance,,1.0,42,no_checkpoint_saved,9bc15d5d352eaa4f,6,CASA DE CAMPO,test,4.644026103995309,3.3732430934906006,0.4030460119247436,migrated_13_edge_pruning_madrid,13_edge_pruning.py,migration_pre_P3,2026-08-15T13:09:01,"SUSPECT_6STATION: MENDEZ ALVARO absente (ancien protocole pré-correctif P1) — jamais évaluée, aucune métrique par-station persistée, irrécupérable sans ré-entraînement (E10, P5)."
madrid,GCN-Transformer,,distance,,1.0,42,no_checkpoint_saved,9bc15d5d352eaa4f,6,CASTELLANA,test,12.611292280855444,7.304456233978272,0.3221374750137329,migrated_13_edge_pruning_madrid,13_edge_pruning.py,migration_pre_P3,2026-08-15T13:09:01,"SUSPECT_6STATION: MENDEZ ALVARO absente (ancien protocole pré-correctif P1) — jamais évaluée, aucune métrique par-station persistée, irrécupérable sans ré-entraînement (E10, P5)."
madrid,GCN-Transformer,,distance,,1.0,42,no_checkpoint_saved,9bc15d5d352eaa4f,6,CUATRO CAMINOS-PABLO,test,6.520477025186603,4.2773756980896,0.5501658916473389,migrated_13_edge_pruning_madrid,13_edge_pruning.py,migration_pre_P3,2026-08-15T13:09:01,"SUSPECT_6STATION: MENDEZ ALVARO absente (ancien protocole pré-correctif P1) — jamais évaluée, aucune métrique par-station persistée, irrécupérable sans ré-entraînement (E10, P5)."
madrid,GCN-Transformer,,distance,,1.0,42,no_checkpoint_saved,9bc15d5d352eaa4f,6,ESCUELAS AGUIRRE,test,7.744781459929037,5.618995189666748,0.454590380191803,migrated_13_edge_pruning_madrid,13_edge_pruning.py,migration_pre_P3,2026-08-15T13:09:01,"SUSPECT_6STATION: MENDEZ ALVARO absente (ancien protocole pré-correctif P1) — jamais évaluée, aucune métrique par-station persistée, irrécupérable sans ré-entraînement (E10, P5)."
madrid,GCN-Transformer,,distance,,1.0,42,no_checkpoint_saved,9bc15d5d352eaa4f,6,PLAZA CASTILLA-CANAL,test,6.4879087815463325,4.537337779998779,0.5247859358787537,migrated_13_edge_pruning_madrid,13_edge_pruning.py,migration_pre_P3,2026-08-15T13:09:01,"SUSPECT_6STATION: MENDEZ ALVARO absente (ancien protocole pré-correctif P1) — jamais évaluée, aucune métrique par-station persistée, irrécupérable sans ré-entraînement (E10, P5)."
madrid,GCN-Transformer,,distance,,1.0,42,no_checkpoint_saved,9bc15d5d352eaa4f,6,PLAZA ELÍPTICA,test,7.177144958792562,5.076117992401123,0.493391215801239,migrated_13_edge_pruning_madrid,13_edge_pruning.py,migration_pre_P3,2026-08-15T13:09:01,"SUSPECT_6STATION: MENDEZ ALVARO absente (ancien protocole pré-correctif P1) — jamais évaluée, aucune métrique par-station persistée, irrécupérable sans ré-entraînement (E10, P5)."
madrid,GCN-Transformer,,distance,,1.0,42,no_checkpoint_saved,9bc15d5d352eaa4f,6,__aggregate__,test,7.923743635163923,5.031253814697266,0.4647033214569092,migrated_13_edge_pruning_madrid,13_edge_pruning.py,migration_pre_P3,2026-08-15T13:09:01,"SUSPECT_6STATION: MENDEZ ALVARO absente (ancien protocole pré-correctif P1) — jamais évaluée, aucune métrique par-station persistée, irrécupérable sans ré-entraînement (E10, P5)."
madrid,GCN-Transformer,,distance,,1.0,123,no_checkpoint_saved,9bc15d5d352eaa4f,6,CASA DE CAMPO,test,4.835908707885816,3.5331733226776123,0.3526968359947204,migrated_13_edge_pruning_madrid,13_edge_pruning.py,migration_pre_P3,2026-08-15T13:09:01,"SUSPECT_6STATION: MENDEZ ALVARO absente (ancien protocole pré-correctif P1) — jamais évaluée, aucune métrique par-station persistée, irrécupérable sans ré-entraînement (E10, P5)."
madrid,GCN-Transformer,,distance,,1.0,123,no_checkpoint_saved,9bc15d5d352eaa4f,6,CASTELLANA,test,12.376157147801184,7.069324970245361,0.3471790552139282,migrated_13_edge_pruning_madrid,13_edge_pruning.py,migration_pre_P3,2026-08-15T13:09:01,"SUSPECT_6STATION: MENDEZ ALVARO absente (ancien protocole pré-correctif P1) — jamais évaluée, aucune métrique par-station persistée, irrécupérable sans ré-entraînement (E10, P5)."
madrid,GCN-Transformer,,distance,,1.0,123,no_checkpoint_saved,9bc15d5d352eaa4f,6,CUATRO CAMINOS-PABLO,test,6.430537931208928,4.229600429534912,0.5624897480010986,migrated_13_edge_pruning_madrid,13_edge_pruning.py,migration_pre_P3,2026-08-15T13:09:01,"SUSPECT_6STATION: MENDEZ ALVARO absente (ancien protocole pré-correctif P1) — jamais évaluée, aucune métrique par-station persistée, irrécupérable sans ré-entraînement (E10, P5)."
madrid,GCN-Transformer,,distance,,1.0,123,no_checkpoint_saved,9bc15d5d352eaa4f,6,ESCUELAS AGUIRRE,test,7.573619391899713,5.524710178375244,0.4784314632415771,migrated_13_edge_pruning_madrid,13_edge_pruning.py,migration_pre_P3,2026-08-15T13:09:01,"SUSPECT_6STATION: MENDEZ ALVARO absente (ancien protocole pré-correctif P1) — jamais évaluée, aucune métrique par-station persistée, irrécupérable sans ré-entraînement (E10, P5)."
madrid,GCN-Transformer,,distance,,1.0,123,no_checkpoint_saved,9bc15d5d352eaa4f,6,PLAZA CASTILLA-CANAL,test,6.5597670904541925,4.592643737792969,0.5142009854316711,migrated_13_edge_pruning_madrid,13_edge_pruning.py,migration_pre_P3,2026-08-15T13:09:01,"SUSPECT_6STATION: MENDEZ ALVARO absente (ancien protocole pré-correctif P1) — jamais évaluée, aucune métrique par-station persistée, irrécupérable sans ré-entraînement (E10, P5)."
madrid,GCN-Transformer,,distance,,1.0,123,no_checkpoint_saved,9bc15d5d352eaa4f,6,PLAZA ELÍPTICA,test,7.125142413941304,5.057071208953857,0.5007059574127197,migrated_13_edge_pruning_madrid,13_edge_pruning.py,migration_pre_P3,2026-08-15T13:09:01,"SUSPECT_6STATION: MENDEZ ALVARO absente (ancien protocole pré-correctif P1) — jamais évaluée, aucune métrique par-station persistée, irrécupérable sans ré-entraînement (E10, P5)."
madrid,GCN-Transformer,,distance,,1.0,123,no_checkpoint_saved,9bc15d5d352eaa4f,6,__aggregate__,test,7.842884517505765,5.001087188720703,0.4755725860595703,migrated_13_edge_pruning_madrid,13_edge_pruning.py,migration_pre_P3,2026-08-15T13:09:01,"SUSPECT_6STATION: MENDEZ ALVARO absente (ancien protocole pré-correctif P1) — jamais évaluée, aucune métrique par-station persistée, irrécupérable sans ré-entraînement (E10, P5)."
madrid,GCN-Transformer,,distance,,1.0,777,no_checkpoint_saved,9bc15d5d352eaa4f,6,CASA DE CAMPO,test,4.76072185492453,3.5873258113861084,0.3726683855056762,migrated_13_edge_pruning_madrid,13_edge_pruning.py,migration_pre_P3,2026-08-15T13:09:01,"SUSPECT_6STATION: MENDEZ ALVARO absente (ancien protocole pré-correctif P1) — jamais évaluée, aucune métrique par-station persistée, irrécupérable sans ré-entraînement (E10, P5)."
madrid,GCN-Transformer,,distance,,1.0,777,no_checkpoint_saved,9bc15d5d352eaa4f,6,CASTELLANA,test,12.38945196114263,7.10878849029541,0.3457757234573364,migrated_13_edge_pruning_madrid,13_edge_pruning.py,migration_pre_P3,2026-08-15T13:09:01,"SUSPECT_6STATION: MENDEZ ALVARO absente (ancien protocole pré-correctif P1) — jamais évaluée, aucune métrique par-station persistée, irrécupérable sans ré-entraînement (E10, P5)."
madrid,GCN-Transformer,,distance,,1.0,777,no_checkpoint_saved,9bc15d5d352eaa4f,6,CUATRO CAMINOS-PABLO,test,6.642635552714121,4.417498588562012,0.5331531763076782,migrated_13_edge_pruning_madrid,13_edge_pruning.py,migration_pre_P3,2026-08-15T13:09:01,"SUSPECT_6STATION: MENDEZ ALVARO absente (ancien protocole pré-correctif P1) — jamais évaluée, aucune métrique par-station persistée, irrécupérable sans ré-entraînement (E10, P5)."
madrid,GCN-Transformer,,distance,,1.0,777,no_checkpoint_saved,9bc15d5d352eaa4f,6,ESCUELAS AGUIRRE,test,7.576433696977574,5.491683006286621,0.4780437350273132,migrated_13_edge_pruning_madrid,13_edge_pruning.py,migration_pre_P3,2026-08-15T13:09:01,"SUSPECT_6STATION: MENDEZ ALVARO absente (ancien protocole pré-correctif P1) — jamais évaluée, aucune métrique par-station persistée, irrécupérable sans ré-entraînement (E10, P5)."
madrid,GCN-Transformer,,distance,,1.0,777,no_checkpoint_saved,9bc15d5d352eaa4f,6,PLAZA CASTILLA-CANAL,test,6.605164686138103,4.616559028625488,0.5074536204338074,migrated_13_edge_pruning_madrid,13_edge_pruning.py,migration_pre_P3,2026-08-15T13:09:01,"SUSPECT_6STATION: MENDEZ ALVARO absente (ancien protocole pré-correctif P1) — jamais évaluée, aucune métrique par-station persistée, irrécupérable sans ré-entraînement (E10, P5)."
madrid,GCN-Transformer,,distance,,1.0,777,no_checkpoint_saved,9bc15d5d352eaa4f,6,PLAZA ELÍPTICA,test,6.9576678233821525,4.783664703369141,0.523901641368866,migrated_13_edge_pruning_madrid,13_edge_pruning.py,migration_pre_P3,2026-08-15T13:09:01,"SUSPECT_6STATION: MENDEZ ALVARO absente (ancien protocole pré-correctif P1) — jamais évaluée, aucune métrique par-station persistée, irrécupérable sans ré-entraînement (E10, P5)."
madrid,GCN-Transformer,,distance,,1.0,777,no_checkpoint_saved,9bc15d5d352eaa4f,6,__aggregate__,test,7.849917961712418,5.000920295715332,0.4746316075325012,migrated_13_edge_pruning_madrid,13_edge_pruning.py,migration_pre_P3,2026-08-15T13:09:01,"SUSPECT_6STATION: MENDEZ ALVARO absente (ancien protocole pré-correctif P1) — jamais évaluée, aucune métrique par-station persistée, irrécupérable sans ré-entraînement (E10, P5)."
madrid,GCN-Transformer,,distance,,0.75,42,no_checkpoint_saved,9bc15d5d352eaa4f,6,CASA DE CAMPO,test,4.830062724272859,3.4688305854797363,0.3542608618736267,migrated_13_edge_pruning_madrid,13_edge_pruning.py,migration_pre_P3,2026-08-15T13:09:01,"SUSPECT_6STATION: MENDEZ ALVARO absente (ancien protocole pré-correctif P1) — jamais évaluée, aucune métrique par-station persistée, irrécupérable sans ré-entraînement (E10, P5)."
madrid,GCN-Transformer,,distance,,0.75,42,no_checkpoint_saved,9bc15d5d352eaa4f,6,CASTELLANA,test,12.933169022397957,7.433990478515625,0.2870938777923584,migrated_13_edge_pruning_madrid,13_edge_pruning.py,migration_pre_P3,2026-08-15T13:09:01,"SUSPECT_6STATION: MENDEZ ALVARO absente (ancien protocole pré-correctif P1) — jamais évaluée, aucune métrique par-station persistée, irrécupérable sans ré-entraînement (E10, P5)."
madrid,GCN-Transformer,,distance,,0.75,42,no_checkpoint_saved,9bc15d5d352eaa4f,6,CUATRO CAMINOS-PABLO,test,6.77766232140321,4.445858478546143,0.5139807462692261,migrated_13_edge_pruning_madrid,13_edge_pruning.py,migration_pre_P3,2026-08-15T13:09:01,"SUSPECT_6STATION: MENDEZ ALVARO absente (ancien protocole pré-correctif P1) — jamais évaluée, aucune métrique par-station persistée, irrécupérable sans ré-entraînement (E10, P5)."
madrid,GCN-Transformer,,distance,,0.75,42,no_checkpoint_saved,9bc15d5d352eaa4f,6,ESCUELAS AGUIRRE,test,7.908427183708499,5.615752220153809,0.4312980771064758,migrated_13_edge_pruning_madrid,13_edge_pruning.py,migration_pre_P3,2026-08-15T13:09:01,"SUSPECT_6STATION: MENDEZ ALVARO absente (ancien protocole pré-correctif P1) — jamais évaluée, aucune métrique par-station persistée, irrécupérable sans ré-entraînement (E10, P5)."
madrid,GCN-Transformer,,distance,,0.75,42,no_checkpoint_saved,9bc15d5d352eaa4f,6,PLAZA CASTILLA-CANAL,test,6.509033967752771,4.4819231033325195,0.5216862559318542,migrated_13_edge_pruning_madrid,13_edge_pruning.py,migration_pre_P3,2026-08-15T13:09:01,"SUSPECT_6STATION: MENDEZ ALVARO absente (ancien protocole pré-correctif P1) — jamais évaluée, aucune métrique par-station persistée, irrécupérable sans ré-entraînement (E10, P5)."
madrid,GCN-Transformer,,distance,,0.75,42,no_checkpoint_saved,9bc15d5d352eaa4f,6,PLAZA ELÍPTICA,test,6.991548067829157,4.71658182144165,0.519253671169281,migrated_13_edge_pruning_madrid,13_edge_pruning.py,migration_pre_P3,2026-08-15T13:09:01,"SUSPECT_6STATION: MENDEZ ALVARO absente (ancien protocole pré-correctif P1) — jamais évaluée, aucune métrique par-station persistée, irrécupérable sans ré-entraînement (E10, P5)."
madrid,GCN-Transformer,,distance,,0.75,42,no_checkpoint_saved,9bc15d5d352eaa4f,6,__aggregate__,test,8.065621651460706,5.027155876159668,0.4453622102737427,migrated_13_edge_pruning_madrid,13_edge_pruning.py,migration_pre_P3,2026-08-15T13:09:01,"SUSPECT_6STATION: MENDEZ ALVARO absente (ancien protocole pré-correctif P1) — jamais évaluée, aucune métrique par-station persistée, irrécupérable sans ré-entraînement (E10, P5)."
madrid,GCN-Transformer,,distance,,0.75,123,no_checkpoint_saved,9bc15d5d352eaa4f,6,CASA DE CAMPO,test,4.526744839120157,3.247606039047241,0.4328165054321289,migrated_13_edge_pruning_madrid,13_edge_pruning.py,migration_pre_P3,2026-08-15T13:09:01,"SUSPECT_6STATION: MENDEZ ALVARO absente (ancien protocole pré-correctif P1) — jamais évaluée, aucune métrique par-station persistée, irrécupérable sans ré-entraînement (E10, P5)."
madrid,GCN-Transformer,,distance,,0.75,123,no_checkpoint_saved,9bc15d5d352eaa4f,6,CASTELLANA,test,12.92633902071718,7.370471477508545,0.2878466248512268,migrated_13_edge_pruning_madrid,13_edge_pruning.py,migration_pre_P3,2026-08-15T13:09:01,"SUSPECT_6STATION: MENDEZ ALVARO absente (ancien protocole pré-correctif P1) — jamais évaluée, aucune métrique par-station persistée, irrécupérable sans ré-entraînement (E10, P5)."
madrid,GCN-Transformer,,distance,,0.75,123,no_checkpoint_saved,9bc15d5d352eaa4f,6,CUATRO CAMINOS-PABLO,test,6.582165417308391,4.343020439147949,0.5416141748428345,migrated_13_edge_pruning_madrid,13_edge_pruning.py,migration_pre_P3,2026-08-15T13:09:01,"SUSPECT_6STATION: MENDEZ ALVARO absente (ancien protocole pré-correctif P1) — jamais évaluée, aucune métrique par-station persistée, irrécupérable sans ré-entraînement (E10, P5)."
madrid,GCN-Transformer,,distance,,0.75,123,no_checkpoint_saved,9bc15d5d352eaa4f,6,ESCUELAS AGUIRRE,test,7.629862251288212,5.420228958129883,0.470656156539917,migrated_13_edge_pruning_madrid,13_edge_pruning.py,migration_pre_P3,2026-08-15T13:09:01,"SUSPECT_6STATION: MENDEZ ALVARO absente (ancien protocole pré-correctif P1) — jamais évaluée, aucune métrique par-station persistée, irrécupérable sans ré-entraînement (E10, P5)."
madrid,GCN-Transformer,,distance,,0.75,123,no_checkpoint_saved,9bc15d5d352eaa4f,6,PLAZA CASTILLA-CANAL,test,6.499899936786137,4.549787521362305,0.5230277180671692,migrated_13_edge_pruning_madrid,13_edge_pruning.py,migration_pre_P3,2026-08-15T13:09:01,"SUSPECT_6STATION: MENDEZ ALVARO absente (ancien protocole pré-correctif P1) — jamais évaluée, aucune métrique par-station persistée, irrécupérable sans ré-entraînement (E10, P5)."
madrid,GCN-Transformer,,distance,,0.75,123,no_checkpoint_saved,9bc15d5d352eaa4f,6,PLAZA ELÍPTICA,test,6.835614947747363,4.718172550201416,0.5404587984085083,migrated_13_edge_pruning_madrid,13_edge_pruning.py,migration_pre_P3,2026-08-15T13:09:01,"SUSPECT_6STATION: MENDEZ ALVARO absente (ancien protocole pré-correctif P1) — jamais évaluée, aucune métrique par-station persistée, irrécupérable sans ré-entraînement (E10, P5)."
madrid,GCN-Transformer,,distance,,0.75,123,no_checkpoint_saved,9bc15d5d352eaa4f,6,__aggregate__,test,7.938258337605946,4.941547870635986,0.4627403616905212,migrated_13_edge_pruning_madrid,13_edge_pruning.py,migration_pre_P3,2026-08-15T13:09:01,"SUSPECT_6STATION: MENDEZ ALVARO absente (ancien protocole pré-correctif P1) — jamais évaluée, aucune métrique par-station persistée, irrécupérable sans ré-entraînement (E10, P5)."
madrid,GCN-Transformer,,distance,,0.75,777,no_checkpoint_saved,9bc15d5d352eaa4f,6,CASA DE CAMPO,test,4.864325549901026,3.551866054534912,0.3450670838356018,migrated_13_edge_pruning_madrid,13_edge_pruning.py,migration_pre_P3,2026-08-15T13:09:01,"SUSPECT_6STATION: MENDEZ ALVARO absente (ancien protocole pré-correctif P1) — jamais évaluée, aucune métrique par-station persistée, irrécupérable sans ré-entraînement (E10, P5)."
madrid,GCN-Transformer,,distance,,0.75,777,no_checkpoint_saved,9bc15d5d352eaa4f,6,CASTELLANA,test,12.328929492920553,7.112209796905518,0.352151870727539,migrated_13_edge_pruning_madrid,13_edge_pruning.py,migration_pre_P3,2026-08-15T13:09:01,"SUSPECT_6STATION: MENDEZ ALVARO absente (ancien protocole pré-correctif P1) — jamais évaluée, aucune métrique par-station persistée, irrécupérable sans ré-entraînement (E10, P5)."
madrid,GCN-Transformer,,distance,,0.75,777,no_checkpoint_saved,9bc15d5d352eaa4f,6,CUATRO CAMINOS-PABLO,test,6.580078994601457,4.3640289306640625,0.5419047474861145,migrated_13_edge_pruning_madrid,13_edge_pruning.py,migration_pre_P3,2026-08-15T13:09:01,"SUSPECT_6STATION: MENDEZ ALVARO absente (ancien protocole pré-correctif P1) — jamais évaluée, aucune métrique par-station persistée, irrécupérable sans ré-entraînement (E10, P5)."
madrid,GCN-Transformer,,distance,,0.75,777,no_checkpoint_saved,9bc15d5d352eaa4f,6,ESCUELAS AGUIRRE,test,7.924443357154618,5.704010009765625,0.4289922714233398,migrated_13_edge_pruning_madrid,13_edge_pruning.py,migration_pre_P3,2026-08-15T13:09:01,"SUSPECT_6STATION: MENDEZ ALVARO absente (ancien protocole pré-correctif P1) — jamais évaluée, aucune métrique par-station persistée, irrécupérable sans ré-entraînement (E10, P5)."
madrid,GCN-Transformer,,distance,,0.75,777,no_checkpoint_saved,9bc15d5d352eaa4f,6,PLAZA CASTILLA-CANAL,test,6.453524597948638,4.503037929534912,0.5298095941543579,migrated_13_edge_pruning_madrid,13_edge_pruning.py,migration_pre_P3,2026-08-15T13:09:01,"SUSPECT_6STATION: MENDEZ ALVARO absente (ancien protocole pré-correctif P1) — jamais évaluée, aucune métrique par-station persistée, irrécupérable sans ré-entraînement (E10, P5)."
madrid,GCN-Transformer,,distance,,0.75,777,no_checkpoint_saved,9bc15d5d352eaa4f,6,PLAZA ELÍPTICA,test,6.3326737244424764,4.342569351196289,0.6055940389633179,migrated_13_edge_pruning_madrid,13_edge_pruning.py,migration_pre_P3,2026-08-15T13:09:01,"SUSPECT_6STATION: MENDEZ ALVARO absente (ancien protocole pré-correctif P1) — jamais évaluée, aucune métrique par-station persistée, irrécupérable sans ré-entraînement (E10, P5)."
madrid,GCN-Transformer,,distance,,0.75,777,no_checkpoint_saved,9bc15d5d352eaa4f,6,__aggregate__,test,7.7836275566520925,4.929620742797852,0.4834672808647156,migrated_13_edge_pruning_madrid,13_edge_pruning.py,migration_pre_P3,2026-08-15T13:09:01,"SUSPECT_6STATION: MENDEZ ALVARO absente (ancien protocole pré-correctif P1) — jamais évaluée, aucune métrique par-station persistée, irrécupérable sans ré-entraînement (E10, P5)."
madrid,GCN-Transformer,,distance,,0.5,42,no_checkpoint_saved,9bc15d5d352eaa4f,6,CASA DE CAMPO,test,4.3627463809505445,3.299501419067383,0.4731687903404236,migrated_13_edge_pruning_madrid,13_edge_pruning.py,migration_pre_P3,2026-08-15T13:09:01,"SUSPECT_6STATION: MENDEZ ALVARO absente (ancien protocole pré-correctif P1) — jamais évaluée, aucune métrique par-station persistée, irrécupérable sans ré-entraînement (E10, P5)."
madrid,GCN-Transformer,,distance,,0.5,42,no_checkpoint_saved,9bc15d5d352eaa4f,6,CASTELLANA,test,13.339532618992468,7.591083526611328,0.2415906190872192,migrated_13_edge_pruning_madrid,13_edge_pruning.py,migration_pre_P3,2026-08-15T13:09:01,"SUSPECT_6STATION: MENDEZ ALVARO absente (ancien protocole pré-correctif P1) — jamais évaluée, aucune métrique par-station persistée, irrécupérable sans ré-entraînement (E10, P5)."
madrid,GCN-Transformer,,distance,,0.5,42,no_checkpoint_saved,9bc15d5d352eaa4f,6,CUATRO CAMINOS-PABLO,test,6.614581859518372,4.305503845214844,0.5370880365371704,migrated_13_edge_pruning_madrid,13_edge_pruning.py,migration_pre_P3,2026-08-15T13:09:01,"SUSPECT_6STATION: MENDEZ ALVARO absente (ancien protocole pré-correctif P1) — jamais évaluée, aucune métrique par-station persistée, irrécupérable sans ré-entraînement (E10, P5)."
madrid,GCN-Transformer,,distance,,0.5,42,no_checkpoint_saved,9bc15d5d352eaa4f,6,ESCUELAS AGUIRRE,test,6.557983297323844,4.533445358276367,0.6089385151863098,migrated_13_edge_pruning_madrid,13_edge_pruning.py,migration_pre_P3,2026-08-15T13:09:01,"SUSPECT_6STATION: MENDEZ ALVARO absente (ancien protocole pré-correctif P1) — jamais évaluée, aucune métrique par-station persistée, irrécupérable sans ré-entraînement (E10, P5)."
madrid,GCN-Transformer,,distance,,0.5,42,no_checkpoint_saved,9bc15d5d352eaa4f,6,PLAZA CASTILLA-CANAL,test,5.872903977518311,4.069459915161133,0.6106092929840088,migrated_13_edge_pruning_madrid,13_edge_pruning.py,migration_pre_P3,2026-08-15T13:09:01,"SUSPECT_6STATION: MENDEZ ALVARO absente (ancien protocole pré-correctif P1) — jamais évaluée, aucune métrique par-station persistée, irrécupérable sans ré-entraînement (E10, P5)."
madrid,GCN-Transformer,,distance,,0.5,42,no_checkpoint_saved,9bc15d5d352eaa4f,6,PLAZA ELÍPTICA,test,6.596836325976168,4.476500511169434,0.5720030069351196,migrated_13_edge_pruning_madrid,13_edge_pruning.py,migration_pre_P3,2026-08-15T13:09:01,"SUSPECT_6STATION: MENDEZ ALVARO absente (ancien protocole pré-correctif P1) — jamais évaluée, aucune métrique par-station persistée, irrécupérable sans ré-entraînement (E10, P5)."
madrid,GCN-Transformer,,distance,,0.5,42,no_checkpoint_saved,9bc15d5d352eaa4f,6,__aggregate__,test,7.764725508299587,4.712582111358643,0.4859730005264282,migrated_13_edge_pruning_madrid,13_edge_pruning.py,migration_pre_P3,2026-08-15T13:09:01,"SUSPECT_6STATION: MENDEZ ALVARO absente (ancien protocole pré-correctif P1) — jamais évaluée, aucune métrique par-station persistée, irrécupérable sans ré-entraînement (E10, P5)."
madrid,GCN-Transformer,,distance,,0.5,123,no_checkpoint_saved,9bc15d5d352eaa4f,6,CASA DE CAMPO,test,4.158027899666415,3.1070120334625244,0.5214510560035706,migrated_13_edge_pruning_madrid,13_edge_pruning.py,migration_pre_P3,2026-08-15T13:09:01,"SUSPECT_6STATION: MENDEZ ALVARO absente (ancien protocole pré-correctif P1) — jamais évaluée, aucune métrique par-station persistée, irrécupérable sans ré-entraînement (E10, P5)."
madrid,GCN-Transformer,,distance,,0.5,123,no_checkpoint_saved,9bc15d5d352eaa4f,6,CASTELLANA,test,13.68554785058688,7.6550517082214355,0.2017354965209961,migrated_13_edge_pruning_madrid,13_edge_pruning.py,migration_pre_P3,2026-08-15T13:09:01,"SUSPECT_6STATION: MENDEZ ALVARO absente (ancien protocole pré-correctif P1) — jamais évaluée, aucune métrique par-station persistée, irrécupérable sans ré-entraînement (E10, P5)."
madrid,GCN-Transformer,,distance,,0.5,123,no_checkpoint_saved,9bc15d5d352eaa4f,6,CUATRO CAMINOS-PABLO,test,6.606656572864776,4.282829761505127,0.5381966829299927,migrated_13_edge_pruning_madrid,13_edge_pruning.py,migration_pre_P3,2026-08-15T13:09:01,"SUSPECT_6STATION: MENDEZ ALVARO absente (ancien protocole pré-correctif P1) — jamais évaluée, aucune métrique par-station persistée, irrécupérable sans ré-entraînement (E10, P5)."
madrid,GCN-Transformer,,distance,,0.5,123,no_checkpoint_saved,9bc15d5d352eaa4f,6,ESCUELAS AGUIRRE,test,6.330540024319546,4.291533470153809,0.6355936527252197,migrated_13_edge_pruning_madrid,13_edge_pruning.py,migration_pre_P3,2026-08-15T13:09:01,"SUSPECT_6STATION: MENDEZ ALVARO absente (ancien protocole pré-correctif P1) — jamais évaluée, aucune métrique par-station persistée, irrécupérable sans ré-entraînement (E10, P5)."
madrid,GCN-Transformer,,distance,,0.5,123,no_checkpoint_saved,9bc15d5d352eaa4f,6,PLAZA CASTILLA-CANAL,test,5.700416402497736,3.9221017360687256,0.6331462264060974,migrated_13_edge_pruning_madrid,13_edge_pruning.py,migration_pre_P3,2026-08-15T13:09:01,"SUSPECT_6STATION: MENDEZ ALVARO absente (ancien protocole pré-correctif P1) — jamais évaluée, aucune métrique par-station persistée, irrécupérable sans ré-entraînement (E10, P5)."
madrid,GCN-Transformer,,distance,,0.5,123,no_checkpoint_saved,9bc15d5d352eaa4f,6,PLAZA ELÍPTICA,test,6.7530968237857945,4.716380596160889,0.5514867901802063,migrated_13_edge_pruning_madrid,13_edge_pruning.py,migration_pre_P3,2026-08-15T13:09:01,"SUSPECT_6STATION: MENDEZ ALVARO absente (ancien protocole pré-correctif P1) — jamais évaluée, aucune métrique par-station persistée, irrécupérable sans ré-entraînement (E10, P5)."
madrid,GCN-Transformer,,distance,,0.5,123,no_checkpoint_saved,9bc15d5d352eaa4f,6,__aggregate__,test,7.814581753893247,4.662484645843506,0.4793508052825928,migrated_13_edge_pruning_madrid,13_edge_pruning.py,migration_pre_P3,2026-08-15T13:09:01,"SUSPECT_6STATION: MENDEZ ALVARO absente (ancien protocole pré-correctif P1) — jamais évaluée, aucune métrique par-station persistée, irrécupérable sans ré-entraînement (E10, P5)."
madrid,GCN-Transformer,,distance,,0.5,777,no_checkpoint_saved,9bc15d5d352eaa4f,6,CASA DE CAMPO,test,4.2218221145807515,3.1956660747528076,0.5066542625427246,migrated_13_edge_pruning_madrid,13_edge_pruning.py,migration_pre_P3,2026-08-15T13:09:01,"SUSPECT_6STATION: MENDEZ ALVARO absente (ancien protocole pré-correctif P1) — jamais évaluée, aucune métrique par-station persistée, irrécupérable sans ré-entraînement (E10, P5)."
madrid,GCN-Transformer,,distance,,0.5,777,no_checkpoint_saved,9bc15d5d352eaa4f,6,CASTELLANA,test,13.538957123255528,7.599624156951904,0.2187449336051941,migrated_13_edge_pruning_madrid,13_edge_pruning.py,migration_pre_P3,2026-08-15T13:09:01,"SUSPECT_6STATION: MENDEZ ALVARO absente (ancien protocole pré-correctif P1) — jamais évaluée, aucune métrique par-station persistée, irrécupérable sans ré-entraînement (E10, P5)."
madrid,GCN-Transformer,,distance,,0.5,777,no_checkpoint_saved,9bc15d5d352eaa4f,6,CUATRO CAMINOS-PABLO,test,6.58587581293397,4.294285297393799,0.5410972833633423,migrated_13_edge_pruning_madrid,13_edge_pruning.py,migration_pre_P3,2026-08-15T13:09:01,"SUSPECT_6STATION: MENDEZ ALVARO absente (ancien protocole pré-correctif P1) — jamais évaluée, aucune métrique par-station persistée, irrécupérable sans ré-entraînement (E10, P5)."
madrid,GCN-Transformer,,distance,,0.5,777,no_checkpoint_saved,9bc15d5d352eaa4f,6,ESCUELAS AGUIRRE,test,6.344933009594367,4.352879047393799,0.633934736251831,migrated_13_edge_pruning_madrid,13_edge_pruning.py,migration_pre_P3,2026-08-15T13:09:01,"SUSPECT_6STATION: MENDEZ ALVARO absente (ancien protocole pré-correctif P1) — jamais évaluée, aucune métrique par-station persistée, irrécupérable sans ré-entraînement (E10, P5)."
madrid,GCN-Transformer,,distance,,0.5,777,no_checkpoint_saved,9bc15d5d352eaa4f,6,PLAZA CASTILLA-CANAL,test,5.796183665712287,4.033771514892578,0.620716392993927,migrated_13_edge_pruning_madrid,13_edge_pruning.py,migration_pre_P3,2026-08-15T13:09:01,"SUSPECT_6STATION: MENDEZ ALVARO absente (ancien protocole pré-correctif P1) — jamais évaluée, aucune métrique par-station persistée, irrécupérable sans ré-entraînement (E10, P5)."
madrid,GCN-Transformer,,distance,,0.5,777,no_checkpoint_saved,9bc15d5d352eaa4f,6,PLAZA ELÍPTICA,test,6.667333982765836,4.625811576843262,0.5628064870834351,migrated_13_edge_pruning_madrid,13_edge_pruning.py,migration_pre_P3,2026-08-15T13:09:01,"SUSPECT_6STATION: MENDEZ ALVARO absente (ancien protocole pré-correctif P1) — jamais évaluée, aucune métrique par-station persistée, irrécupérable sans ré-entraînement (E10, P5)."
madrid,GCN-Transformer,,distance,,0.5,777,no_checkpoint_saved,9bc15d5d352eaa4f,6,__aggregate__,test,7.776118658612552,4.683672904968262,0.4844633936882019,migrated_13_edge_pruning_madrid,13_edge_pruning.py,migration_pre_P3,2026-08-15T13:09:01,"SUSPECT_6STATION: MENDEZ ALVARO absente (ancien protocole pré-correctif P1) — jamais évaluée, aucune métrique par-station persistée, irrécupérable sans ré-entraînement (E10, P5)."
madrid,GCN-Transformer,,distance,,0.25,42,no_checkpoint_saved,9bc15d5d352eaa4f,6,CASA DE CAMPO,test,4.054257291046886,3.0850040912628174,0.5450390577316284,migrated_13_edge_pruning_madrid,13_edge_pruning.py,migration_pre_P3,2026-08-15T13:09:01,"SUSPECT_6STATION: MENDEZ ALVARO absente (ancien protocole pré-correctif P1) — jamais évaluée, aucune métrique par-station persistée, irrécupérable sans ré-entraînement (E10, P5)."
madrid,GCN-Transformer,,distance,,0.25,42,no_checkpoint_saved,9bc15d5d352eaa4f,6,CASTELLANA,test,11.164456466653483,6.665543556213379,0.4687516093254089,migrated_13_edge_pruning_madrid,13_edge_pruning.py,migration_pre_P3,2026-08-15T13:09:01,"SUSPECT_6STATION: MENDEZ ALVARO absente (ancien protocole pré-correctif P1) — jamais évaluée, aucune métrique par-station persistée, irrécupérable sans ré-entraînement (E10, P5)."
madrid,GCN-Transformer,,distance,,0.25,42,no_checkpoint_saved,9bc15d5d352eaa4f,6,CUATRO CAMINOS-PABLO,test,7.009981123916527,4.55067253112793,0.4800910353660583,migrated_13_edge_pruning_madrid,13_edge_pruning.py,migration_pre_P3,2026-08-15T13:09:01,"SUSPECT_6STATION: MENDEZ ALVARO absente (ancien protocole pré-correctif P1) — jamais évaluée, aucune métrique par-station persistée, irrécupérable sans ré-entraînement (E10, P5)."
madrid,GCN-Transformer,,distance,,0.25,42,no_checkpoint_saved,9bc15d5d352eaa4f,6,ESCUELAS AGUIRRE,test,5.809847975299676,3.732027292251587,0.6930737495422363,migrated_13_edge_pruning_madrid,13_edge_pruning.py,migration_pre_P3,2026-08-15T13:09:01,"SUSPECT_6STATION: MENDEZ ALVARO absente (ancien protocole pré-correctif P1) — jamais évaluée, aucune métrique par-station persistée, irrécupérable sans ré-entraînement (E10, P5)."
madrid,GCN-Transformer,,distance,,0.25,42,no_checkpoint_saved,9bc15d5d352eaa4f,6,PLAZA CASTILLA-CANAL,test,6.083972775370162,4.2146453857421875,0.5821173787117004,migrated_13_edge_pruning_madrid,13_edge_pruning.py,migration_pre_P3,2026-08-15T13:09:01,"SUSPECT_6STATION: MENDEZ ALVARO absente (ancien protocole pré-correctif P1) — jamais évaluée, aucune métrique par-station persistée, irrécupérable sans ré-entraînement (E10, P5)."
madrid,GCN-Transformer,,distance,,0.25,42,no_checkpoint_saved,9bc15d5d352eaa4f,6,PLAZA ELÍPTICA,test,5.936375883000299,4.001883506774902,0.6534131765365601,migrated_13_edge_pruning_madrid,13_edge_pruning.py,migration_pre_P3,2026-08-15T13:09:01,"SUSPECT_6STATION: MENDEZ ALVARO absente (ancien protocole pré-correctif P1) — jamais évaluée, aucune métrique par-station persistée, irrécupérable sans ré-entraînement (E10, P5)."
madrid,GCN-Transformer,,distance,,0.25,42,no_checkpoint_saved,9bc15d5d352eaa4f,6,__aggregate__,test,7.02651614733085,4.37496280670166,0.5790661573410034,migrated_13_edge_pruning_madrid,13_edge_pruning.py,migration_pre_P3,2026-08-15T13:09:01,"SUSPECT_6STATION: MENDEZ ALVARO absente (ancien protocole pré-correctif P1) — jamais évaluée, aucune métrique par-station persistée, irrécupérable sans ré-entraînement (E10, P5)."
madrid,GCN-Transformer,,distance,,0.25,123,no_checkpoint_saved,9bc15d5d352eaa4f,6,CASA DE CAMPO,test,4.185826664703564,3.1888532638549805,0.5150309801101685,migrated_13_edge_pruning_madrid,13_edge_pruning.py,migration_pre_P3,2026-08-15T13:09:01,"SUSPECT_6STATION: MENDEZ ALVARO absente (ancien protocole pré-correctif P1) — jamais évaluée, aucune métrique par-station persistée, irrécupérable sans ré-entraînement (E10, P5)."
madrid,GCN-Transformer,,distance,,0.25,123,no_checkpoint_saved,9bc15d5d352eaa4f,6,CASTELLANA,test,11.835795688094336,6.903815746307373,0.4029408097267151,migrated_13_edge_pruning_madrid,13_edge_pruning.py,migration_pre_P3,2026-08-15T13:09:01,"SUSPECT_6STATION: MENDEZ ALVARO absente (ancien protocole pré-correctif P1) — jamais évaluée, aucune métrique par-station persistée, irrécupérable sans ré-entraînement (E10, P5)."
madrid,GCN-Transformer,,distance,,0.25,123,no_checkpoint_saved,9bc15d5d352eaa4f,6,CUATRO CAMINOS-PABLO,test,6.867293043486435,4.459404945373535,0.5010411143302917,migrated_13_edge_pruning_madrid,13_edge_pruning.py,migration_pre_P3,2026-08-15T13:09:01,"SUSPECT_6STATION: MENDEZ ALVARO absente (ancien protocole pré-correctif P1) — jamais évaluée, aucune métrique par-station persistée, irrécupérable sans ré-entraînement (E10, P5)."
madrid,GCN-Transformer,,distance,,0.25,123,no_checkpoint_saved,9bc15d5d352eaa4f,6,ESCUELAS AGUIRRE,test,5.776030622723417,3.68060851097107,0.696636438369751,migrated_13_edge_pruning_madrid,13_edge_pruning.py,migration_pre_P3,2026-08-15T13:09:01,"SUSPECT_6STATION: MENDEZ ALVARO absente (ancien protocole pré-correctif P1) — jamais évaluée, aucune métrique par-station persistée, irrécupérable sans ré-entraînement (E10, P5)."
madrid,GCN-Transformer,,distance,,0.25,123,no_checkpoint_saved,9bc15d5d352eaa4f,6,PLAZA CASTILLA-CANAL,test,5.92011132058306,4.143346786499023,0.6043241024017334,migrated_13_edge_pruning_madrid,13_edge_pruning.py,migration_pre_P3,2026-08-15T13:09:01,"SUSPECT_6STATION: MENDEZ ALVARO absente (ancien protocole pré-correctif P1) — jamais évaluée, aucune métrique par-station persistée, irrécupérable sans ré-entraînement (E10, P5)."
madrid,GCN-Transformer,,distance,,0.25,123,no_checkpoint_saved,9bc15d5d352eaa4f,6,PLAZA ELÍPTICA,test,6.142103953777069,4.12793493270874,0.6289746165275574,migrated_13_edge_pruning_madrid,13_edge_pruning.py,migration_pre_P3,2026-08-15T13:09:01,"SUSPECT_6STATION: MENDEZ ALVARO absente (ancien protocole pré-correctif P1) — jamais évaluée, aucune métrique par-station persistée, irrécupérable sans ré-entraînement (E10, P5)."
madrid,GCN-Transformer,,distance,,0.25,123,no_checkpoint_saved,9bc15d5d352eaa4f,6,__aggregate__,test,7.198409847987235,4.417326927185059,0.5582191944122314,migrated_13_edge_pruning_madrid,13_edge_pruning.py,migration_pre_P3,2026-08-15T13:09:01,"SUSPECT_6STATION: MENDEZ ALVARO absente (ancien protocole pré-correctif P1) — jamais évaluée, aucune métrique par-station persistée, irrécupérable sans ré-entraînement (E10, P5)."
madrid,GCN-Transformer,,distance,,0.25,777,no_checkpoint_saved,9bc15d5d352eaa4f,6,CASA DE CAMPO,test,4.032422981827442,3.048466682434082,0.549926221370697,migrated_13_edge_pruning_madrid,13_edge_pruning.py,migration_pre_P3,2026-08-15T13:09:01,"SUSPECT_6STATION: MENDEZ ALVARO absente (ancien protocole pré-correctif P1) — jamais évaluée, aucune métrique par-station persistée, irrécupérable sans ré-entraînement (E10, P5)."
madrid,GCN-Transformer,,distance,,0.25,777,no_checkpoint_saved,9bc15d5d352eaa4f,6,CASTELLANA,test,11.660913265836404,6.891662120819092,0.4204545021057129,migrated_13_edge_pruning_madrid,13_edge_pruning.py,migration_pre_P3,2026-08-15T13:09:01,"SUSPECT_6STATION: MENDEZ ALVARO absente (ancien protocole pré-correctif P1) — jamais évaluée, aucune métrique par-station persistée, irrécupérable sans ré-entraînement (E10, P5)."
madrid,GCN-Transformer,,distance,,0.25,777,no_checkpoint_saved,9bc15d5d352eaa4f,6,CUATRO CAMINOS-PABLO,test,6.9501491393409705,4.499184608459473,0.4889282584190368,migrated_13_edge_pruning_madrid,13_edge_pruning.py,migration_pre_P3,2026-08-15T13:09:01,"SUSPECT_6STATION: MENDEZ ALVARO absente (ancien protocole pré-correctif P1) — jamais évaluée, aucune métrique par-station persistée, irrécupérable sans ré-entraînement (E10, P5)."
madrid,GCN-Transformer,,distance,,0.25,777,no_checkpoint_saved,9bc15d5d352eaa4f,6,ESCUELAS AGUIRRE,test,5.79913006539609,3.711878538131714,0.6942051649093628,migrated_13_edge_pruning_madrid,13_edge_pruning.py,migration_pre_P3,2026-08-15T13:09:01,"SUSPECT_6STATION: MENDEZ ALVARO absente (ancien protocole pré-correctif P1) — jamais évaluée, aucune métrique par-station persistée, irrécupérable sans ré-entraînement (E10, P5)."
madrid,GCN-Transformer,,distance,,0.25,777,no_checkpoint_saved,9bc15d5d352eaa4f,6,PLAZA CASTILLA-CANAL,test,5.920900934071922,4.084026336669922,0.604218602180481,migrated_13_edge_pruning_madrid,13_edge_pruning.py,migration_pre_P3,2026-08-15T13:09:01,"SUSPECT_6STATION: MENDEZ ALVARO absente (ancien protocole pré-correctif P1) — jamais évaluée, aucune métrique par-station persistée, irrécupérable sans ré-entraînement (E10, P5)."
madrid,GCN-Transformer,,distance,,0.25,777,no_checkpoint_saved,9bc15d5d352eaa4f,6,PLAZA ELÍPTICA,test,6.318915402504901,4.237668037414551,0.6073058843612671,migrated_13_edge_pruning_madrid,13_edge_pruning.py,migration_pre_P3,2026-08-15T13:09:01,"SUSPECT_6STATION: MENDEZ ALVARO absente (ancien protocole pré-correctif P1) — jamais évaluée, aucune métrique par-station persistée, irrécupérable sans ré-entraînement (E10, P5)."
madrid,GCN-Transformer,,distance,,0.25,777,no_checkpoint_saved,9bc15d5d352eaa4f,6,__aggregate__,test,7.1781797268300425,4.412147521972656,0.5606988072395325,migrated_13_edge_pruning_madrid,13_edge_pruning.py,migration_pre_P3,2026-08-15T13:09:01,"SUSPECT_6STATION: MENDEZ ALVARO absente (ancien protocole pré-correctif P1) — jamais évaluée, aucune métrique par-station persistée, irrécupérable sans ré-entraînement (E10, P5)."
madrid,GCN-Transformer,,distance,,0.0,42,no_checkpoint_saved,9bc15d5d352eaa4f,6,CASA DE CAMPO,test,3.592292689193288,2.4875123500823975,0.6428135633468628,migrated_13_edge_pruning_madrid,13_edge_pruning.py,migration_pre_P3,2026-08-15T13:09:01,"SUSPECT_6STATION: MENDEZ ALVARO absente (ancien protocole pré-correctif P1) — jamais évaluée, aucune métrique par-station persistée, irrécupérable sans ré-entraînement (E10, P5)."
madrid,GCN-Transformer,,distance,,0.0,42,no_checkpoint_saved,9bc15d5d352eaa4f,6,CASTELLANA,test,6.9576845456703875,4.768738269805908,0.7936749458312988,migrated_13_edge_pruning_madrid,13_edge_pruning.py,migration_pre_P3,2026-08-15T13:09:01,"SUSPECT_6STATION: MENDEZ ALVARO absente (ancien protocole pré-correctif P1) — jamais évaluée, aucune métrique par-station persistée, irrécupérable sans ré-entraînement (E10, P5)."
madrid,GCN-Transformer,,distance,,0.0,42,no_checkpoint_saved,9bc15d5d352eaa4f,6,CUATRO CAMINOS-PABLO,test,4.8231082271270935,3.1819801330566406,0.7538796067237854,migrated_13_edge_pruning_madrid,13_edge_pruning.py,migration_pre_P3,2026-08-15T13:09:01,"SUSPECT_6STATION: MENDEZ ALVARO absente (ancien protocole pré-correctif P1) — jamais évaluée, aucune métrique par-station persistée, irrécupérable sans ré-entraînement (E10, P5)."
madrid,GCN-Transformer,,distance,,0.0,42,no_checkpoint_saved,9bc15d5d352eaa4f,6,ESCUELAS AGUIRRE,test,5.8157126459551165,3.747616052627563,0.6924538612365723,migrated_13_edge_pruning_madrid,13_edge_pruning.py,migration_pre_P3,2026-08-15T13:09:01,"SUSPECT_6STATION: MENDEZ ALVARO absente (ancien protocole pré-correctif P1) — jamais évaluée, aucune métrique par-station persistée, irrécupérable sans ré-entraînement (E10, P5)."
madrid,GCN-Transformer,,distance,,0.0,42,no_checkpoint_saved,9bc15d5d352eaa4f,6,PLAZA CASTILLA-CANAL,test,5.166661518873706,3.3723959922790527,0.698630154132843,migrated_13_edge_pruning_madrid,13_edge_pruning.py,migration_pre_P3,2026-08-15T13:09:01,"SUSPECT_6STATION: MENDEZ ALVARO absente (ancien protocole pré-correctif P1) — jamais évaluée, aucune métrique par-station persistée, irrécupérable sans ré-entraînement (E10, P5)."
madrid,GCN-Transformer,,distance,,0.0,42,no_checkpoint_saved,9bc15d5d352eaa4f,6,PLAZA ELÍPTICA,test,5.738740262551128,3.7966346740722656,0.676106333732605,migrated_13_edge_pruning_madrid,13_edge_pruning.py,migration_pre_P3,2026-08-15T13:09:01,"SUSPECT_6STATION: MENDEZ ALVARO absente (ancien protocole pré-correctif P1) — jamais évaluée, aucune métrique par-station persistée, irrécupérable sans ré-entraînement (E10, P5)."
madrid,GCN-Transformer,,distance,,0.0,42,no_checkpoint_saved,9bc15d5d352eaa4f,6,__aggregate__,test,5.447114709163481,3.559145927429199,0.7470313310623169,migrated_13_edge_pruning_madrid,13_edge_pruning.py,migration_pre_P3,2026-08-15T13:09:01,"SUSPECT_6STATION: MENDEZ ALVARO absente (ancien protocole pré-correctif P1) — jamais évaluée, aucune métrique par-station persistée, irrécupérable sans ré-entraînement (E10, P5)."
madrid,GCN-Transformer,,distance,,0.0,123,no_checkpoint_saved,9bc15d5d352eaa4f,6,CASA DE CAMPO,test,3.695194557033642,2.5317060947418213,0.6220571398735046,migrated_13_edge_pruning_madrid,13_edge_pruning.py,migration_pre_P3,2026-08-15T13:09:01,"SUSPECT_6STATION: MENDEZ ALVARO absente (ancien protocole pré-correctif P1) — jamais évaluée, aucune métrique par-station persistée, irrécupérable sans ré-entraînement (E10, P5)."
madrid,GCN-Transformer,,distance,,0.0,123,no_checkpoint_saved,9bc15d5d352eaa4f,6,CASTELLANA,test,6.644474412786008,4.622529983520508,0.8118329048156738,migrated_13_edge_pruning_madrid,13_edge_pruning.py,migration_pre_P3,2026-08-15T13:09:01,"SUSPECT_6STATION: MENDEZ ALVARO absente (ancien protocole pré-correctif P1) — jamais évaluée, aucune métrique par-station persistée, irrécupérable sans ré-entraînement (E10, P5)."
madrid,GCN-Transformer,,distance,,0.0,123,no_checkpoint_saved,9bc15d5d352eaa4f,6,CUATRO CAMINOS-PABLO,test,4.9832130919444495,3.274850606918335,0.7372682690620422,migrated_13_edge_pruning_madrid,13_edge_pruning.py,migration_pre_P3,2026-08-15T13:09:01,"SUSPECT_6STATION: MENDEZ ALVARO absente (ancien protocole pré-correctif P1) — jamais évaluée, aucune métrique par-station persistée, irrécupérable sans ré-entraînement (E10, P5)."
madrid,GCN-Transformer,,distance,,0.0,123,no_checkpoint_saved,9bc15d5d352eaa4f,6,ESCUELAS AGUIRRE,test,5.892430522057548,3.812725305557251,0.68428635597229,migrated_13_edge_pruning_madrid,13_edge_pruning.py,migration_pre_P3,2026-08-15T13:09:01,"SUSPECT_6STATION: MENDEZ ALVARO absente (ancien protocole pré-correctif P1) — jamais évaluée, aucune métrique par-station persistée, irrécupérable sans ré-entraînement (E10, P5)."
madrid,GCN-Transformer,,distance,,0.0,123,no_checkpoint_saved,9bc15d5d352eaa4f,6,PLAZA CASTILLA-CANAL,test,5.2862485446237875,3.4270107746124268,0.6845177412033081,migrated_13_edge_pruning_madrid,13_edge_pruning.py,migration_pre_P3,2026-08-15T13:09:01,"SUSPECT_6STATION: MENDEZ ALVARO absente (ancien protocole pré-correctif P1) — jamais évaluée, aucune métrique par-station persistée, irrécupérable sans ré-entraînement (E10, P5)."
madrid,GCN-Transformer,,distance,,0.0,123,no_checkpoint_saved,9bc15d5d352eaa4f,6,PLAZA ELÍPTICA,test,5.930853084552582,3.99523401260376,0.6540577411651611,migrated_13_edge_pruning_madrid,13_edge_pruning.py,migration_pre_P3,2026-08-15T13:09:01,"SUSPECT_6STATION: MENDEZ ALVARO absente (ancien protocole pré-correctif P1) — jamais évaluée, aucune métrique par-station persistée, irrécupérable sans ré-entraînement (E10, P5)."
madrid,GCN-Transformer,,distance,,0.0,123,no_checkpoint_saved,9bc15d5d352eaa4f,6,__aggregate__,test,5.484464552275901,3.610676050186157,0.7435503005981445,migrated_13_edge_pruning_madrid,13_edge_pruning.py,migration_pre_P3,2026-08-15T13:09:01,"SUSPECT_6STATION: MENDEZ ALVARO absente (ancien protocole pré-correctif P1) — jamais évaluée, aucune métrique par-station persistée, irrécupérable sans ré-entraînement (E10, P5)."
madrid,GCN-Transformer,,distance,,0.0,777,no_checkpoint_saved,9bc15d5d352eaa4f,6,CASA DE CAMPO,test,3.6137878392764353,2.5137228965759277,0.638526201248169,migrated_13_edge_pruning_madrid,13_edge_pruning.py,migration_pre_P3,2026-08-15T13:09:01,"SUSPECT_6STATION: MENDEZ ALVARO absente (ancien protocole pré-correctif P1) — jamais évaluée, aucune métrique par-station persistée, irrécupérable sans ré-entraînement (E10, P5)."
madrid,GCN-Transformer,,distance,,0.0,777,no_checkpoint_saved,9bc15d5d352eaa4f,6,CASTELLANA,test,6.840241390675832,4.734858512878418,0.8005815744400024,migrated_13_edge_pruning_madrid,13_edge_pruning.py,migration_pre_P3,2026-08-15T13:09:01,"SUSPECT_6STATION: MENDEZ ALVARO absente (ancien protocole pré-correctif P1) — jamais évaluée, aucune métrique par-station persistée, irrécupérable sans ré-entraînement (E10, P5)."
madrid,GCN-Transformer,,distance,,0.0,777,no_checkpoint_saved,9bc15d5d352eaa4f,6,CUATRO CAMINOS-PABLO,test,4.922479307829617,3.250495433807373,0.7436333894729614,migrated_13_edge_pruning_madrid,13_edge_pruning.py,migration_pre_P3,2026-08-15T13:09:01,"SUSPECT_6STATION: MENDEZ ALVARO absente (ancien protocole pré-correctif P1) — jamais évaluée, aucune métrique par-station persistée, irrécupérable sans ré-entraînement (E10, P5)."
madrid,GCN-Transformer,,distance,,0.0,777,no_checkpoint_saved,9bc15d5d352eaa4f,6,ESCUELAS AGUIRRE,test,5.888892123783271,3.8356316089630127,0.6846653819084167,migrated_13_edge_pruning_madrid,13_edge_pruning.py,migration_pre_P3,2026-08-15T13:09:01,"SUSPECT_6STATION: MENDEZ ALVARO absente (ancien protocole pré-correctif P1) — jamais évaluée, aucune métrique par-station persistée, irrécupérable sans ré-entraînement (E10, P5)."
madrid,GCN-Transformer,,distance,,0.0,777,no_checkpoint_saved,9bc15d5d352eaa4f,6,PLAZA CASTILLA-CANAL,test,5.22752127527681,3.41874098777771,0.6914884448051453,migrated_13_edge_pruning_madrid,13_edge_pruning.py,migration_pre_P3,2026-08-15T13:09:01,"SUSPECT_6STATION: MENDEZ ALVARO absente (ancien protocole pré-correctif P1) — jamais évaluée, aucune métrique par-station persistée, irrécupérable sans ré-entraînement (E10, P5)."
madrid,GCN-Transformer,,distance,,0.0,777,no_checkpoint_saved,9bc15d5d352eaa4f,6,PLAZA ELÍPTICA,test,5.848265835899863,3.858663320541382,0.663625180721283,migrated_13_edge_pruning_madrid,13_edge_pruning.py,migration_pre_P3,2026-08-15T13:09:01,"SUSPECT_6STATION: MENDEZ ALVARO absente (ancien protocole pré-correctif P1) — jamais évaluée, aucune métrique par-station persistée, irrécupérable sans ré-entraînement (E10, P5)."
madrid,GCN-Transformer,,distance,,0.0,777,no_checkpoint_saved,9bc15d5d352eaa4f,6,__aggregate__,test,5.481596587999198,3.6020188331604004,0.7438184022903442,migrated_13_edge_pruning_madrid,13_edge_pruning.py,migration_pre_P3,2026-08-15T13:09:01,"SUSPECT_6STATION: MENDEZ ALVARO absente (ancien protocole pré-correctif P1) — jamais évaluée, aucune métrique par-station persistée, irrécupérable sans ré-entraînement (E10, P5)."
beijing,GCN-Transformer,,correlation,3,,42,no_checkpoint_saved,9bc15d5d352eaa4f,12,__aggregate__,test,,,0.9215,migrated_e6_k_sensitivity/e8_k_sensitivity_3seeds_beijing,e6_k_sensitivity.py/e8_k_sensitivity_3seeds.py,migration_pre_P3,2026-08-15T13:09:01,
beijing,GCN-Transformer,,correlation,3,,123,no_checkpoint_saved,9bc15d5d352eaa4f,12,__aggregate__,test,,,0.9178,migrated_e6_k_sensitivity/e8_k_sensitivity_3seeds_beijing,e6_k_sensitivity.py/e8_k_sensitivity_3seeds.py,migration_pre_P3,2026-08-15T13:09:01,
beijing,GCN-Transformer,,correlation,3,,777,no_checkpoint_saved,9bc15d5d352eaa4f,12,__aggregate__,test,,,0.9219,migrated_e6_k_sensitivity/e8_k_sensitivity_3seeds_beijing,e6_k_sensitivity.py/e8_k_sensitivity_3seeds.py,migration_pre_P3,2026-08-15T13:09:01,
beijing,GCN-Transformer,,correlation,8,,42,no_checkpoint_saved,9bc15d5d352eaa4f,12,__aggregate__,test,,,0.8934,migrated_e6_k_sensitivity/e8_k_sensitivity_3seeds_beijing,e6_k_sensitivity.py/e8_k_sensitivity_3seeds.py,migration_pre_P3,2026-08-15T13:09:01,
beijing,GCN-Transformer,,correlation,8,,123,no_checkpoint_saved,9bc15d5d352eaa4f,12,__aggregate__,test,,,0.894,migrated_e6_k_sensitivity/e8_k_sensitivity_3seeds_beijing,e6_k_sensitivity.py/e8_k_sensitivity_3seeds.py,migration_pre_P3,2026-08-15T13:09:01,
beijing,GCN-Transformer,,correlation,8,,777,no_checkpoint_saved,9bc15d5d352eaa4f,12,__aggregate__,test,,,0.8946,migrated_e6_k_sensitivity/e8_k_sensitivity_3seeds_beijing,e6_k_sensitivity.py/e8_k_sensitivity_3seeds.py,migration_pre_P3,2026-08-15T13:09:01,
beijing,GCN-Transformer,,distance,3,,42,no_checkpoint_saved,9bc15d5d352eaa4f,12,__aggregate__,test,,,0.9364,migrated_e6_k_sensitivity/e8_k_sensitivity_3seeds_beijing,e6_k_sensitivity.py/e8_k_sensitivity_3seeds.py,migration_pre_P3,2026-08-15T13:09:01,
beijing,GCN-Transformer,,distance,3,,123,no_checkpoint_saved,9bc15d5d352eaa4f,12,__aggregate__,test,,,0.9335,migrated_e6_k_sensitivity/e8_k_sensitivity_3seeds_beijing,e6_k_sensitivity.py/e8_k_sensitivity_3seeds.py,migration_pre_P3,2026-08-15T13:09:01,
beijing,GCN-Transformer,,distance,3,,777,no_checkpoint_saved,9bc15d5d352eaa4f,12,__aggregate__,test,,,0.9363,migrated_e6_k_sensitivity/e8_k_sensitivity_3seeds_beijing,e6_k_sensitivity.py/e8_k_sensitivity_3seeds.py,migration_pre_P3,2026-08-15T13:09:01,
beijing,GCN-Transformer,,distance,8,,42,no_checkpoint_saved,9bc15d5d352eaa4f,12,__aggregate__,test,,,0.9298,migrated_e6_k_sensitivity/e8_k_sensitivity_3seeds_beijing,e6_k_sensitivity.py/e8_k_sensitivity_3seeds.py,migration_pre_P3,2026-08-15T13:09:01,
beijing,GCN-Transformer,,distance,8,,123,no_checkpoint_saved,9bc15d5d352eaa4f,12,__aggregate__,test,,,0.927,migrated_e6_k_sensitivity/e8_k_sensitivity_3seeds_beijing,e6_k_sensitivity.py/e8_k_sensitivity_3seeds.py,migration_pre_P3,2026-08-15T13:09:01,
beijing,GCN-Transformer,,distance,8,,777,no_checkpoint_saved,9bc15d5d352eaa4f,12,__aggregate__,test,,,0.9293,migrated_e6_k_sensitivity/e8_k_sensitivity_3seeds_beijing,e6_k_sensitivity.py/e8_k_sensitivity_3seeds.py,migration_pre_P3,2026-08-15T13:09:01,
london,GCN-Transformer,,correlation,3,,42,no_checkpoint_saved,9bc15d5d352eaa4f,8,__aggregate__,test,,,0.5046,migrated_e6_k_sensitivity/e8_k_sensitivity_3seeds_london,e6_k_sensitivity.py/e8_k_sensitivity_3seeds.py,migration_pre_P3,2026-08-15T13:09:01,
london,GCN-Transformer,,correlation,3,,123,no_checkpoint_saved,9bc15d5d352eaa4f,8,__aggregate__,test,,,0.474,migrated_e6_k_sensitivity/e8_k_sensitivity_3seeds_london,e6_k_sensitivity.py/e8_k_sensitivity_3seeds.py,migration_pre_P3,2026-08-15T13:09:01,
london,GCN-Transformer,,correlation,3,,777,no_checkpoint_saved,9bc15d5d352eaa4f,8,__aggregate__,test,,,0.5068,migrated_e6_k_sensitivity/e8_k_sensitivity_3seeds_london,e6_k_sensitivity.py/e8_k_sensitivity_3seeds.py,migration_pre_P3,2026-08-15T13:09:01,
london,GCN-Transformer,,correlation,8,,42,no_checkpoint_saved,9bc15d5d352eaa4f,8,__aggregate__,test,,,0.3287,migrated_e6_k_sensitivity/e8_k_sensitivity_3seeds_london,e6_k_sensitivity.py/e8_k_sensitivity_3seeds.py,migration_pre_P3,2026-08-15T13:09:01,
london,GCN-Transformer,,correlation,8,,123,no_checkpoint_saved,9bc15d5d352eaa4f,8,__aggregate__,test,,,0.3097,migrated_e6_k_sensitivity/e8_k_sensitivity_3seeds_london,e6_k_sensitivity.py/e8_k_sensitivity_3seeds.py,migration_pre_P3,2026-08-15T13:09:01,
london,GCN-Transformer,,correlation,8,,777,no_checkpoint_saved,9bc15d5d352eaa4f,8,__aggregate__,test,,,0.3706,migrated_e6_k_sensitivity/e8_k_sensitivity_3seeds_london,e6_k_sensitivity.py/e8_k_sensitivity_3seeds.py,migration_pre_P3,2026-08-15T13:09:01,
london,GCN-Transformer,,distance,3,,42,no_checkpoint_saved,9bc15d5d352eaa4f,8,__aggregate__,test,,,0.508,migrated_e6_k_sensitivity/e8_k_sensitivity_3seeds_london,e6_k_sensitivity.py/e8_k_sensitivity_3seeds.py,migration_pre_P3,2026-08-15T13:09:01,
london,GCN-Transformer,,distance,3,,123,no_checkpoint_saved,9bc15d5d352eaa4f,8,__aggregate__,test,,,0.5229,migrated_e6_k_sensitivity/e8_k_sensitivity_3seeds_london,e6_k_sensitivity.py/e8_k_sensitivity_3seeds.py,migration_pre_P3,2026-08-15T13:09:01,
london,GCN-Transformer,,distance,3,,777,no_checkpoint_saved,9bc15d5d352eaa4f,8,__aggregate__,test,,,0.5072,migrated_e6_k_sensitivity/e8_k_sensitivity_3seeds_london,e6_k_sensitivity.py/e8_k_sensitivity_3seeds.py,migration_pre_P3,2026-08-15T13:09:01,
london,GCN-Transformer,,distance,8,,42,no_checkpoint_saved,9bc15d5d352eaa4f,8,__aggregate__,test,,,0.4494,migrated_e6_k_sensitivity/e8_k_sensitivity_3seeds_london,e6_k_sensitivity.py/e8_k_sensitivity_3seeds.py,migration_pre_P3,2026-08-15T13:09:01,
london,GCN-Transformer,,distance,8,,123,no_checkpoint_saved,9bc15d5d352eaa4f,8,__aggregate__,test,,,0.4583,migrated_e6_k_sensitivity/e8_k_sensitivity_3seeds_london,e6_k_sensitivity.py/e8_k_sensitivity_3seeds.py,migration_pre_P3,2026-08-15T13:09:01,
london,GCN-Transformer,,distance,8,,777,no_checkpoint_saved,9bc15d5d352eaa4f,8,__aggregate__,test,,,0.4358,migrated_e6_k_sensitivity/e8_k_sensitivity_3seeds_london,e6_k_sensitivity.py/e8_k_sensitivity_3seeds.py,migration_pre_P3,2026-08-15T13:09:01,
madrid,GCN-Transformer,,correlation,3,,42,no_checkpoint_saved,9bc15d5d352eaa4f,6,__aggregate__,test,,,0.4636,migrated_e6_k_sensitivity/e8_k_sensitivity_3seeds_madrid,e6_k_sensitivity.py/e8_k_sensitivity_3seeds.py,migration_pre_P3,2026-08-15T13:09:01,"UNRECOVERABLE_6STATION: MENDEZ ALVARO jamais évaluée pour cette cellule (exclusion au chargement, ancien code) — aucune donnée par-station persistée, ré-entraînement requis (E9, P5), cf. CHANGELOG_TABLES.md."
madrid,GCN-Transformer,,correlation,3,,123,no_checkpoint_saved,9bc15d5d352eaa4f,6,__aggregate__,test,,,0.4729,migrated_e6_k_sensitivity/e8_k_sensitivity_3seeds_madrid,e6_k_sensitivity.py/e8_k_sensitivity_3seeds.py,migration_pre_P3,2026-08-15T13:09:01,"UNRECOVERABLE_6STATION: MENDEZ ALVARO jamais évaluée pour cette cellule (exclusion au chargement, ancien code) — aucune donnée par-station persistée, ré-entraînement requis (E9, P5), cf. CHANGELOG_TABLES.md."
madrid,GCN-Transformer,,correlation,3,,777,no_checkpoint_saved,9bc15d5d352eaa4f,6,__aggregate__,test,,,0.4745,migrated_e6_k_sensitivity/e8_k_sensitivity_3seeds_madrid,e6_k_sensitivity.py/e8_k_sensitivity_3seeds.py,migration_pre_P3,2026-08-15T13:09:01,"UNRECOVERABLE_6STATION: MENDEZ ALVARO jamais évaluée pour cette cellule (exclusion au chargement, ancien code) — aucune donnée par-station persistée, ré-entraînement requis (E9, P5), cf. CHANGELOG_TABLES.md."
madrid,GCN-Transformer,,correlation,8,,42,no_checkpoint_saved,9bc15d5d352eaa4f,6,__aggregate__,test,,,0.3304,migrated_e6_k_sensitivity/e8_k_sensitivity_3seeds_madrid,e6_k_sensitivity.py/e8_k_sensitivity_3seeds.py,migration_pre_P3,2026-08-15T13:09:01,"UNRECOVERABLE_6STATION: MENDEZ ALVARO jamais évaluée pour cette cellule (exclusion au chargement, ancien code) — aucune donnée par-station persistée, ré-entraînement requis (E9, P5), cf. CHANGELOG_TABLES.md."
madrid,GCN-Transformer,,correlation,8,,123,no_checkpoint_saved,9bc15d5d352eaa4f,6,__aggregate__,test,,,0.3924,migrated_e6_k_sensitivity/e8_k_sensitivity_3seeds_madrid,e6_k_sensitivity.py/e8_k_sensitivity_3seeds.py,migration_pre_P3,2026-08-15T13:09:01,"UNRECOVERABLE_6STATION: MENDEZ ALVARO jamais évaluée pour cette cellule (exclusion au chargement, ancien code) — aucune donnée par-station persistée, ré-entraînement requis (E9, P5), cf. CHANGELOG_TABLES.md."
madrid,GCN-Transformer,,correlation,8,,777,no_checkpoint_saved,9bc15d5d352eaa4f,6,__aggregate__,test,,,0.3573,migrated_e6_k_sensitivity/e8_k_sensitivity_3seeds_madrid,e6_k_sensitivity.py/e8_k_sensitivity_3seeds.py,migration_pre_P3,2026-08-15T13:09:01,"UNRECOVERABLE_6STATION: MENDEZ ALVARO jamais évaluée pour cette cellule (exclusion au chargement, ancien code) — aucune donnée par-station persistée, ré-entraînement requis (E9, P5), cf. CHANGELOG_TABLES.md."
madrid,GCN-Transformer,,distance,3,,42,no_checkpoint_saved,9bc15d5d352eaa4f,6,__aggregate__,test,,,0.4908,migrated_e6_k_sensitivity/e8_k_sensitivity_3seeds_madrid,e6_k_sensitivity.py/e8_k_sensitivity_3seeds.py,migration_pre_P3,2026-08-15T13:09:01,"UNRECOVERABLE_6STATION: MENDEZ ALVARO jamais évaluée pour cette cellule (exclusion au chargement, ancien code) — aucune donnée par-station persistée, ré-entraînement requis (E9, P5), cf. CHANGELOG_TABLES.md."
madrid,GCN-Transformer,,distance,3,,123,no_checkpoint_saved,9bc15d5d352eaa4f,6,__aggregate__,test,,,0.5314,migrated_e6_k_sensitivity/e8_k_sensitivity_3seeds_madrid,e6_k_sensitivity.py/e8_k_sensitivity_3seeds.py,migration_pre_P3,2026-08-15T13:09:01,"UNRECOVERABLE_6STATION: MENDEZ ALVARO jamais évaluée pour cette cellule (exclusion au chargement, ancien code) — aucune donnée par-station persistée, ré-entraînement requis (E9, P5), cf. CHANGELOG_TABLES.md."
madrid,GCN-Transformer,,distance,3,,777,no_checkpoint_saved,9bc15d5d352eaa4f,6,__aggregate__,test,,,0.514,migrated_e6_k_sensitivity/e8_k_sensitivity_3seeds_madrid,e6_k_sensitivity.py/e8_k_sensitivity_3seeds.py,migration_pre_P3,2026-08-15T13:09:01,"UNRECOVERABLE_6STATION: MENDEZ ALVARO jamais évaluée pour cette cellule (exclusion au chargement, ancien code) — aucune donnée par-station persistée, ré-entraînement requis (E9, P5), cf. CHANGELOG_TABLES.md."
madrid,GCN-Transformer,,distance,8,,42,no_checkpoint_saved,9bc15d5d352eaa4f,6,__aggregate__,test,,,0.4408,migrated_e6_k_sensitivity/e8_k_sensitivity_3seeds_madrid,e6_k_sensitivity.py/e8_k_sensitivity_3seeds.py,migration_pre_P3,2026-08-15T13:09:01,"UNRECOVERABLE_6STATION: MENDEZ ALVARO jamais évaluée pour cette cellule (exclusion au chargement, ancien code) — aucune donnée par-station persistée, ré-entraînement requis (E9, P5), cf. CHANGELOG_TABLES.md."
madrid,GCN-Transformer,,distance,8,,123,no_checkpoint_saved,9bc15d5d352eaa4f,6,__aggregate__,test,,,0.4512,migrated_e6_k_sensitivity/e8_k_sensitivity_3seeds_madrid,e6_k_sensitivity.py/e8_k_sensitivity_3seeds.py,migration_pre_P3,2026-08-15T13:09:01,"UNRECOVERABLE_6STATION: MENDEZ ALVARO jamais évaluée pour cette cellule (exclusion au chargement, ancien code) — aucune donnée par-station persistée, ré-entraînement requis (E9, P5), cf. CHANGELOG_TABLES.md."
madrid,GCN-Transformer,,distance,8,,777,no_checkpoint_saved,9bc15d5d352eaa4f,6,__aggregate__,test,,,0.4444,migrated_e6_k_sensitivity/e8_k_sensitivity_3seeds_madrid,e6_k_sensitivity.py/e8_k_sensitivity_3seeds.py,migration_pre_P3,2026-08-15T13:09:01,"UNRECOVERABLE_6STATION: MENDEZ ALVARO jamais évaluée pour cette cellule (exclusion au chargement, ancien code) — aucune donnée par-station persistée, ré-entraînement requis (E9, P5), cf. CHANGELOG_TABLES.md."
beijing,GCN-Transformer,no_meteorology,correlation,5,,42,no_checkpoint_saved,9bc15d5d352eaa4f,12,__aggregate__,test,,,0.9074,migrated_11_diagnostics_beijing,11_diagnostics.py,migration_pre_P3,2026-08-15T13:09:01,E4/E5 diagnostics; RMSE/MAE et per-station non stockés par ce script (seul R2 agrégé).
beijing,Linear-Transformer,no_meteorology,correlation,,,42,no_checkpoint_saved,9bc15d5d352eaa4f,12,__aggregate__,test,,,0.9479,migrated_11_diagnostics_beijing,11_diagnostics.py,migration_pre_P3,2026-08-15T13:09:01,E4/E5 diagnostics; RMSE/MAE et per-station non stockés par ce script (seul R2 agrégé).
beijing,GCN-Transformer,real,correlation,5,,42,no_checkpoint_saved,9bc15d5d352eaa4f,12,__aggregate__,test,,,0.9127,migrated_11_diagnostics_beijing,11_diagnostics.py,migration_pre_P3,2026-08-15T13:09:01,E4/E5 diagnostics; RMSE/MAE et per-station non stockés par ce script (seul R2 agrégé).
beijing,GCN-Transformer,shuffled_graph,correlation,5,,42,no_checkpoint_saved,9bc15d5d352eaa4f,12,__aggregate__,test,,,0.8801,migrated_11_diagnostics_beijing,11_diagnostics.py,migration_pre_P3,2026-08-15T13:09:01,E4/E5 diagnostics; RMSE/MAE et per-station non stockés par ce script (seul R2 agrégé).
beijing,GCN-Transformer,no_meteorology,distance,5,,42,no_checkpoint_saved,9bc15d5d352eaa4f,12,__aggregate__,test,,,0.9219,migrated_11_diagnostics_beijing,11_diagnostics.py,migration_pre_P3,2026-08-15T13:09:01,E4/E5 diagnostics; RMSE/MAE et per-station non stockés par ce script (seul R2 agrégé).
beijing,Linear-Transformer,no_meteorology,distance,,,42,no_checkpoint_saved,9bc15d5d352eaa4f,12,__aggregate__,test,,,0.9479,migrated_11_diagnostics_beijing,11_diagnostics.py,migration_pre_P3,2026-08-15T13:09:01,E4/E5 diagnostics; RMSE/MAE et per-station non stockés par ce script (seul R2 agrégé).
beijing,GCN-Transformer,real,distance,5,,42,no_checkpoint_saved,9bc15d5d352eaa4f,12,__aggregate__,test,,,0.9324,migrated_11_diagnostics_beijing,11_diagnostics.py,migration_pre_P3,2026-08-15T13:09:01,E4/E5 diagnostics; RMSE/MAE et per-station non stockés par ce script (seul R2 agrégé).
beijing,GCN-Transformer,shuffled_graph,distance,5,,42,no_checkpoint_saved,9bc15d5d352eaa4f,12,__aggregate__,test,,,0.914,migrated_11_diagnostics_beijing,11_diagnostics.py,migration_pre_P3,2026-08-15T13:09:01,E4/E5 diagnostics; RMSE/MAE et per-station non stockés par ce script (seul R2 agrégé).
london,GCN-Transformer,no_meteorology,correlation,5,,42,no_checkpoint_saved,9bc15d5d352eaa4f,8,__aggregate__,test,,,0.4093,migrated_11_diagnostics_london,11_diagnostics.py,migration_pre_P3,2026-08-15T13:09:01,E4/E5 diagnostics; RMSE/MAE et per-station non stockés par ce script (seul R2 agrégé).
london,Linear-Transformer,no_meteorology,correlation,,,42,no_checkpoint_saved,9bc15d5d352eaa4f,8,__aggregate__,test,,,0.8437,migrated_11_diagnostics_london,11_diagnostics.py,migration_pre_P3,2026-08-15T13:09:01,E4/E5 diagnostics; RMSE/MAE et per-station non stockés par ce script (seul R2 agrégé).
london,GCN-Transformer,real,correlation,5,,42,no_checkpoint_saved,9bc15d5d352eaa4f,8,__aggregate__,test,,,0.4435,migrated_11_diagnostics_london,11_diagnostics.py,migration_pre_P3,2026-08-15T13:09:01,E4/E5 diagnostics; RMSE/MAE et per-station non stockés par ce script (seul R2 agrégé).
london,GCN-Transformer,shuffled_graph,correlation,5,,42,no_checkpoint_saved,9bc15d5d352eaa4f,8,__aggregate__,test,,,0.3828,migrated_11_diagnostics_london,11_diagnostics.py,migration_pre_P3,2026-08-15T13:09:01,E4/E5 diagnostics; RMSE/MAE et per-station non stockés par ce script (seul R2 agrégé).
london,GCN-Transformer,no_meteorology,distance,5,,42,no_checkpoint_saved,9bc15d5d352eaa4f,8,__aggregate__,test,,,0.5144,migrated_11_diagnostics_london,11_diagnostics.py,migration_pre_P3,2026-08-15T13:09:01,E4/E5 diagnostics; RMSE/MAE et per-station non stockés par ce script (seul R2 agrégé).
london,Linear-Transformer,no_meteorology,distance,,,42,no_checkpoint_saved,9bc15d5d352eaa4f,8,__aggregate__,test,,,0.8437,migrated_11_diagnostics_london,11_diagnostics.py,migration_pre_P3,2026-08-15T13:09:01,E4/E5 diagnostics; RMSE/MAE et per-station non stockés par ce script (seul R2 agrégé).
london,GCN-Transformer,real,distance,5,,42,no_checkpoint_saved,9bc15d5d352eaa4f,8,__aggregate__,test,,,0.4854,migrated_11_diagnostics_london,11_diagnostics.py,migration_pre_P3,2026-08-15T13:09:01,E4/E5 diagnostics; RMSE/MAE et per-station non stockés par ce script (seul R2 agrégé).
london,GCN-Transformer,shuffled_graph,distance,5,,42,no_checkpoint_saved,9bc15d5d352eaa4f,8,__aggregate__,test,,,0.4756,migrated_11_diagnostics_london,11_diagnostics.py,migration_pre_P3,2026-08-15T13:09:01,E4/E5 diagnostics; RMSE/MAE et per-station non stockés par ce script (seul R2 agrégé).
madrid,GCN-Transformer,no_meteorology,correlation,5,,42,no_checkpoint_saved,9bc15d5d352eaa4f,7,__aggregate__,test,,,0.5251,migrated_11_diagnostics_madrid,11_diagnostics.py,migration_pre_P3,2026-08-15T13:09:01,E4/E5 diagnostics; RMSE/MAE et per-station non stockés par ce script (seul R2 agrégé).
madrid,Linear-Transformer,no_meteorology,correlation,,,42,no_checkpoint_saved,9bc15d5d352eaa4f,7,__aggregate__,test,,,0.8127,migrated_11_diagnostics_madrid,11_diagnostics.py,migration_pre_P3,2026-08-15T13:09:01,E4/E5 diagnostics; RMSE/MAE et per-station non stockés par ce script (seul R2 agrégé).
madrid,GCN-Transformer,real,correlation,5,,42,no_checkpoint_saved,9bc15d5d352eaa4f,7,__aggregate__,test,,,0.4222,migrated_11_diagnostics_madrid,11_diagnostics.py,migration_pre_P3,2026-08-15T13:09:01,E4/E5 diagnostics; RMSE/MAE et per-station non stockés par ce script (seul R2 agrégé).
madrid,GCN-Transformer,shuffled_graph,correlation,5,,42,no_checkpoint_saved,9bc15d5d352eaa4f,7,__aggregate__,test,,,0.4135,migrated_11_diagnostics_madrid,11_diagnostics.py,migration_pre_P3,2026-08-15T13:09:01,E4/E5 diagnostics; RMSE/MAE et per-station non stockés par ce script (seul R2 agrégé).
madrid,GCN-Transformer,no_meteorology,distance,5,,42,no_checkpoint_saved,9bc15d5d352eaa4f,7,__aggregate__,test,,,0.5646,migrated_11_diagnostics_madrid,11_diagnostics.py,migration_pre_P3,2026-08-15T13:09:01,E4/E5 diagnostics; RMSE/MAE et per-station non stockés par ce script (seul R2 agrégé).
madrid,Linear-Transformer,no_meteorology,distance,,,42,no_checkpoint_saved,9bc15d5d352eaa4f,7,__aggregate__,test,,,0.8127,migrated_11_diagnostics_madrid,11_diagnostics.py,migration_pre_P3,2026-08-15T13:09:01,E4/E5 diagnostics; RMSE/MAE et per-station non stockés par ce script (seul R2 agrégé).
madrid,GCN-Transformer,real,distance,5,,42,no_checkpoint_saved,9bc15d5d352eaa4f,7,__aggregate__,test,,,0.4853,migrated_11_diagnostics_madrid,11_diagnostics.py,migration_pre_P3,2026-08-15T13:09:01,E4/E5 diagnostics; RMSE/MAE et per-station non stockés par ce script (seul R2 agrégé).
madrid,GCN-Transformer,shuffled_graph,distance,5,,42,no_checkpoint_saved,9bc15d5d352eaa4f,7,__aggregate__,test,,,0.3985,migrated_11_diagnostics_madrid,11_diagnostics.py,migration_pre_P3,2026-08-15T13:09:01,E4/E5 diagnostics; RMSE/MAE et per-station non stockés par ce script (seul R2 agrégé).
beijing,graphwavenet,,correlation,5,,42,no_checkpoint_saved,9bc15d5d352eaa4f,12,__aggregate__,test,,,0.9609,migrated_14_sota_baselines_beijing,14_sota_baselines.py,migration_pre_P3,2026-08-15T13:09:01,Pas de per-station stocké pour ce run historique (capture ajoutée après coup en P3).
beijing,stgcn,,correlation,5,,42,no_checkpoint_saved,9bc15d5d352eaa4f,12,__aggregate__,test,,,0.9598,migrated_14_sota_baselines_beijing,14_sota_baselines.py,migration_pre_P3,2026-08-15T13:09:01,Pas de per-station stocké pour ce run historique (capture ajoutée après coup en P3).
london,graphwavenet,,correlation,5,,42,no_checkpoint_saved,9bc15d5d352eaa4f,8,__aggregate__,test,,,0.8396,migrated_14_sota_baselines_london,14_sota_baselines.py,migration_pre_P3,2026-08-15T13:09:01,Pas de per-station stocké pour ce run historique (capture ajoutée après coup en P3).
london,stgcn,,correlation,5,,42,no_checkpoint_saved,9bc15d5d352eaa4f,8,__aggregate__,test,,,0.8479,migrated_14_sota_baselines_london,14_sota_baselines.py,migration_pre_P3,2026-08-15T13:09:01,Pas de per-station stocké pour ce run historique (capture ajoutée après coup en P3).
madrid,graphwavenet,,correlation,5,,42,no_checkpoint_saved,9bc15d5d352eaa4f,7,__aggregate__,test,,,0.8184,migrated_14_sota_baselines_madrid,14_sota_baselines.py,migration_pre_P3,2026-08-15T13:09:01,Pas de per-station stocké pour ce run historique (capture ajoutée après coup en P3).
madrid,stgcn,,correlation,5,,42,no_checkpoint_saved,9bc15d5d352eaa4f,7,__aggregate__,test,,,0.7882,migrated_14_sota_baselines_madrid,14_sota_baselines.py,migration_pre_P3,2026-08-15T13:09:01,Pas de per-station stocké pour ce run historique (capture ajoutée après coup en P3).
beijing,GCN-Transformer,,distance,3,,unknown_3seed_agg,no_checkpoint_saved,9bc15d5d352eaa4f,12,__aggregate__,test,,,0.9359,migrated_08_sensitivity_k_beijing,08_sensitivity_k.py,migration_pre_P3,2026-08-15T13:09:01,"UNRECOVERABLE: agrégat de 3 seeds sans attribution individuelle possible (valeurs par-seed jamais persistées, cf. CHANGELOG_TABLES.md). seed='unknown_3seed_agg' N'EST PAS un seed réel — ne pas traiter comme 42/123/777."
