{
  "Full Framework (GCN+Transformer)": {
    "MAE": 8.170352300008139,
    "MAE_std": 1.004875530710195,
    "RMSE": 15.068540312321671,
    "RMSE_std": 0.6700525193767736,
    "R2": 0.9386277794837952,
    "Latency_ms": 1.108233133951823
  },
  "No-GCN (Linear+Transformer)": {
    "MAE": 8.170352300008139,
    "MAE_std": 1.004875530710195,
    "RMSE": 15.068540312321671,
    "RMSE_std": 0.6700525193767736,
    "R2": 0.9386277794837952,
    "Latency_ms": 1.0326464970906575
  },
  "No-Transformer (GCN+LSTM)": {
    "MAE": 11.344745635986328,
    "MAE_std": 1.4470389008039164,
    "RMSE": 25.246443977882766,
    "RMSE_std": 1.4082960463549663,
    "R2": 0.8275269468625387,
    "Latency_ms": 4.742180506388347
  }
}