{
  "ARIMA": {
    "MAE": 4.17,
    "RMSE": 6.51,
    "R2": 0.9726
  },
  "XGBoost": {
    "MAE": 6.35,
    "MAE_std": 0.22,
    "RMSE": 11.67,
    "RMSE_std": 0.35,
    "R2": 0.9631
  },
  "LSTM": {
    "MAE": 11.998054186503092,
    "MAE_std": 0.10311091092360569,
    "RMSE": 23.806030425895262,
    "RMSE_std": 0.4845500322412162,
    "R2": 0.8470584750175476
  },
  "CNN-LSTM": {
    "MAE": 21.10143248240153,
    "MAE_std": 4.822916827008005,
    "RMSE": 33.03770458590877,
    "RMSE_std": 5.37051320825151,
    "R2": 0.6977833310763041
  },
  "GCN+Transformer": {
    "MAE": 8.170352300008139,
    "MAE_std": 1.004875530710195,
    "RMSE": 15.068540312321671,
    "RMSE_std": 0.6700525193767736,
    "R2": 0.9386277794837952
  }
}