{
  "ARIMA": {
    "MAE": 10.107452149485049,
    "RMSE": 15.700395987577139,
    "R2": 0.8985717140777577
  },
  "LSTM": {
    "MAE": 15.536983172098795,
    "MAE_std": 0.09960503386580766,
    "RMSE": 25.083509164154705,
    "RMSE_std": 0.5836256983522986,
    "R2": 0.8547770182291666
  },
  "GCN+Transformer": {
    "MAE": 13.456541061401367,
    "MAE_std": 3.8625642644579785,
    "RMSE": 20.30567093008051,
    "RMSE_std": 3.393300099646717,
    "R2": 0.9022266864776611
  }
}