{
  "city": "beijing",
  "n_stations": 12,
  "station_names": [
    "Aotizhongxin",
    "Changping",
    "Dingling",
    "Dongsi",
    "Guanyuan",
    "Gucheng",
    "Huairou",
    "Nongzhanguan",
    "Shunyi",
    "Tiantan",
    "Wanliu",
    "Wanshouxigong"
  ],
  "features": [
    "PM2.5",
    "TEMP",
    "PRES",
    "DEWP",
    "WSPM"
  ],
  "seeds": [
    42
  ],
  "config": {
    "seq_len": 12,
    "batch_size": 128,
    "d_model": 32,
    "n_heads": 2,
    "n_layers": 1,
    "max_epochs": 10,
    "patience": 5,
    "k_neighbors": 3
  },
  "graphs": {
    "distance": {
      "GCN+Transformer": {
        "MAE": [
          20.186250640542667
        ],
        "RMSE": [
          33.627561420771684
        ],
        "R2": [
          0.8681068602996811
        ],
        "MAE_mean": 20.186250640542667,
        "MAE_std": 0.0,
        "RMSE_mean": 33.627561420771684,
        "RMSE_std": 0.0,
        "R2_mean": 0.8681068602996811,
        "R2_std": 0.0
      },
      "Linear+Transformer": {
        "MAE": [
          48.682084722081655
        ],
        "RMSE": [
          54.40161054548979
        ],
        "R2": [
          0.654812570690393
        ],
        "MAE_mean": 48.682084722081655,
        "MAE_std": 0.0,
        "RMSE_mean": 54.40161054548979,
        "RMSE_std": 0.0,
        "R2_mean": 0.654812570690393,
        "R2_std": 0.0
      },
      "per_station": {
        "GCN+Transformer": {
          "Aotizhongxin": {
            "MAE": 19.728595904229135,
            "RMSE": 31.568054996287465,
            "R2": 0.8850447852997436
          },
          "Changping": {
            "MAE": 16.81288352588457,
            "RMSE": 28.093629946085603,
            "R2": 0.8787923020656192
          },
          "Dingling": {
            "MAE": 16.402483784756438,
            "RMSE": 27.71706897720159,
            "R2": 0.86953037709697
          },
          "Dongsi": {
            "MAE": 25.43010262797685,
            "RMSE": 40.68898883129224,
            "R2": 0.8391815620914223
          },
          "Guanyuan": {
            "MAE": 21.783060975841256,
            "RMSE": 34.67953992141642,
            "R2": 0.8657192053303784
          },
          "Gucheng": {
            "MAE": 23.175078038095325,
            "RMSE": 39.09796490079174,
            "R2": 0.8471116799103349
          },
          "Huairou": {
            "MAE": 15.405311018317777,
            "RMSE": 24.69057512141895,
            "R2": 0.8956807979522806
          },
          "Nongzhanguan": {
            "MAE": 22.303052401073195,
            "RMSE": 36.22123260171255,
            "R2": 0.865057151675204
          },
          "Shunyi": {
            "MAE": 20.009697992154486,
            "RMSE": 33.84726265651484,
            "R2": 0.8627959104666674
          },
          "Tiantan": {
            "MAE": 19.03984283082832,
            "RMSE": 31.48437551903269,
            "R2": 0.8877358046574505
          },
          "Wanliu": {
            "MAE": 17.775109214168065,
            "RMSE": 28.984442455173724,
            "R2": 0.8981462966571938
          },
          "Wanshouxigong": {
            "MAE": 24.369789373186613,
            "RMSE": 41.59574792618546,
            "R2": 0.8364340016781053
          }
        },
        "Linear+Transformer": {
          "Aotizhongxin": {
            "MAE": 48.83773201140087,
            "RMSE": 54.46866825450356,
            "R2": 0.6577633297022695
          },
          "Changping": {
            "MAE": 48.34698403983397,
            "RMSE": 53.18121707798073,
            "R2": 0.5656587947664765
          },
          "Dingling": {
            "MAE": 48.68365455203466,
            "RMSE": 53.11208797439388,
            "R2": 0.5209271580913021
          },
          "Dongsi": {
            "MAE": 48.74842408941229,
            "RMSE": 55.17467474694904,
            "R2": 0.7042929980409561
          },
          "Guanyuan": {
            "MAE": 48.249374390280096,
            "RMSE": 54.02494884945527,
            "R2": 0.6741212986308872
          },
          "Gucheng": {
            "MAE": 47.35408896556793,
            "RMSE": 54.004228367937,
            "R2": 0.7083100042566891
          },
          "Huairou": {
            "MAE": 49.67044218265523,
            "RMSE": 54.14306055356542,
            "R2": 0.4983654425467148
          },
          "Nongzhanguan": {
            "MAE": 48.3418598566448,
            "RMSE": 54.548349985440574,
            "R2": 0.6939540342564608
          },
          "Shunyi": {
            "MAE": 50.15801650862359,
            "RMSE": 55.82209615152152,
            "R2": 0.6268080784631569
          },
          "Tiantan": {
            "MAE": 48.15984131351145,
            "RMSE": 53.948240753873264,
            "R2": 0.670385981114582
          },
          "Wanliu": {
            "MAE": 48.97475297573392,
            "RMSE": 54.43387845852942,
            "R2": 0.6407593434426317
          },
          "Wanshouxigong": {
            "MAE": 48.659845779281014,
            "RMSE": 55.87928927878959,
            "R2": 0.7048132218979408
          }
        }
      }
    },
    "correlation": {
      "GCN+Transformer": {
        "MAE": [
          26.796623106756613
        ],
        "RMSE": [
          41.21397178512248
        ],
        "R2": [
          0.801883614308917
        ],
        "MAE_mean": 26.796623106756613,
        "MAE_std": 0.0,
        "RMSE_mean": 41.21397178512248,
        "RMSE_std": 0.0,
        "R2_mean": 0.801883614308917,
        "R2_std": 0.0
      },
      "Linear+Transformer": {
        "MAE": [
          48.682084722081655
        ],
        "RMSE": [
          54.40161054548979
        ],
        "R2": [
          0.654812570690393
        ],
        "MAE_mean": 48.682084722081655,
        "MAE_std": 0.0,
        "RMSE_mean": 54.40161054548979,
        "RMSE_std": 0.0,
        "R2_mean": 0.654812570690393,
        "R2_std": 0.0
      },
      "per_station": {
        "GCN+Transformer": {
          "Aotizhongxin": {
            "MAE": 26.337316459615018,
            "RMSE": 38.405070474099,
            "R2": 0.8298585378686667
          },
          "Changping": {
            "MAE": 21.945477997951212,
            "RMSE": 33.853237509217294,
            "R2": 0.823999093699106
          },
          "Dingling": {
            "MAE": 21.81296355921146,
            "RMSE": 35.966404210539686,
            "R2": 0.7803107311250276
          },
          "Dongsi": {
            "MAE": 32.79962282145284,
            "RMSE": 48.119230334777754,
            "R2": 0.7750844982231337
          },
          "Guanyuan": {
            "MAE": 28.373689180823668,
            "RMSE": 41.121806869067925,
            "R2": 0.8111958107404329
          },
          "Gucheng": {
            "MAE": 32.4492219531662,
            "RMSE": 50.88299912171463,
            "R2": 0.7410526883005728
          },
          "Huairou": {
            "MAE": 19.996537026363548,
            "RMSE": 31.044408071355278,
            "R2": 0.8350817904707024
          },
          "Nongzhanguan": {
            "MAE": 29.43189157433945,
            "RMSE": 43.764697245185374,
            "R2": 0.8029977077980461
          },
          "Shunyi": {
            "MAE": 27.087467277745425,
            "RMSE": 42.60953944342951,
            "R2": 0.7825629069999596
          },
          "Tiantan": {
            "MAE": 25.65595128956732,
            "RMSE": 38.51492447510513,
            "R2": 0.832000030941854
          },
          "Wanliu": {
            "MAE": 23.689885416828837,
            "RMSE": 35.72473615734084,
            "R2": 0.8452662741903024
          },
          "Wanshouxigong": {
            "MAE": 31.979452724014394,
            "RMSE": 49.179755247036454,
            "R2": 0.7713517512275002
          }
        },
        "Linear+Transformer": {
          "Aotizhongxin": {
            "MAE": 48.83773201140087,
            "RMSE": 54.46866825450356,