{
  "city": "beijing",
  "n_stations": 12,
  "station_names": [
    "Aotizhongxin",
    "Changping",
    "Dingling",
    "Dongsi",
    "Guanyuan",
    "Gucheng",
    "Huairou",
    "Nongzhanguan",
    "Shunyi",
    "Tiantan",
    "Wanliu",
    "Wanshouxigong"
  ],
  "features": [
    "PM2.5",
    "TEMP",
    "PRES",
    "DEWP",
    "WSPM"
  ],
  "seeds": [
    42
  ],
  "config": {
    "seq_len": 12,
    "batch_size": 128,
    "d_model": 32,
    "n_heads": 2,
    "n_layers": 1,
    "max_epochs": 10,
    "patience": 5,
    "k_neighbors": 8
  },
  "graphs": {
    "distance": {
      "GCN+Transformer": {
        "MAE": [
          14.138455532520458
        ],
        "RMSE": [
          25.120886032567068
        ],
        "R2": [
          0.9263960089310787
        ],
        "MAE_mean": 14.138455532520458,
        "MAE_std": 0.0,
        "RMSE_mean": 25.120886032567068,
        "RMSE_std": 0.0,
        "R2_mean": 0.9263960089310787,
        "R2_std": 0.0
      },
      "Linear+Transformer": {
        "MAE": [
          13.102701049522683
        ],
        "RMSE": [
          23.11975290486573
        ],
        "R2": [
          0.9376555448412728
        ],
        "MAE_mean": 13.102701049522683,
        "MAE_std": 0.0,
        "RMSE_mean": 23.11975290486573,
        "RMSE_std": 0.0,
        "R2_mean": 0.9376555448412728,
        "R2_std": 0.0
      },
      "per_station": {
        "GCN+Transformer": {
          "Aotizhongxin": {
            "MAE": 13.031982936859432,
            "RMSE": 22.250625554778278,
            "R2": 0.9428893006460497
          },
          "Changping": {
            "MAE": 13.570942209828809,
            "RMSE": 23.112257511421056,
            "R2": 0.9179649923060706
          },
          "Dingling": {
            "MAE": 14.881231210433985,
            "RMSE": 28.236910416775768,
            "R2": 0.8645904939346938
          },
          "Dongsi": {
            "MAE": 16.029784560387334,
            "RMSE": 27.089434195456814,
            "R2": 0.9287176656948708
          },
          "Guanyuan": {
            "MAE": 13.760817837318047,
            "RMSE": 25.140122250483085,
            "R2": 0.929432940865597
          },
          "Gucheng": {
            "MAE": 17.96994407703196,
            "RMSE": 31.974224492416404,
            "R2": 0.8977493579725253
          },
          "Huairou": {
            "MAE": 10.950823212849487,
            "RMSE": 19.92047384925088,
            "R2": 0.9320950906588975
          },
          "Nongzhanguan": {
            "MAE": 14.257895069181078,
            "RMSE": 24.256327303705685,
            "R2": 0.9394835406414661
          },
          "Shunyi": {
            "MAE": 13.324879893055817,
            "RMSE": 22.247934927815354,
            "R2": 0.9407212053483041
          },
          "Tiantan": {
            "MAE": 12.914341964542999,
            "RMSE": 22.605213820859632,
            "R2": 0.9421280202742256
          },
          "Wanliu": {
            "MAE": 13.61131865477503,
            "RMSE": 23.023444862049658,
            "R2": 0.93573307315094
          },
          "Wanshouxigong": {
            "MAE": 15.357504763981527,
            "RMSE": 28.92512499381273,
            "R2": 0.9209056170972405
          }
        },
        "Linear+Transformer": {
          "Aotizhongxin": {
            "MAE": 13.554477298057435,
            "RMSE": 22.845449349497123,
            "R2": 0.9397950171259484
          },
          "Changping": {
            "MAE": 11.82882792236176,
            "RMSE": 20.720330844325073,
            "R2": 0.9340662375675851
          },
          "Dingling": {
            "MAE": 10.582129132829817,
            "RMSE": 18.655956146108263,
            "R2": 0.9408915152537394
          },
          "Dongsi": {
            "MAE": 14.744204375806655,
            "RMSE": 25.963607139884193,
            "R2": 0.9345194824987421
          },
          "Guanyuan": {
            "MAE": 13.99466504318108,
            "RMSE": 23.526267463232124,
            "R2": 0.9382021581792699
          },
          "Gucheng": {
            "MAE": 13.711950616177743,
            "RMSE": 24.86188752317121,
            "R2": 0.9381792600966004
          },
          "Huairou": {
            "MAE": 10.466057911427502,
            "RMSE": 20.14525851735612,
            "R2": 0.9305539523509977
          },
          "Nongzhanguan": {
            "MAE": 13.957159549694415,
            "RMSE": 23.863602617990175,
            "R2": 0.9414272736479997
          },
          "Shunyi": {
            "MAE": 13.278477060286045,
            "RMSE": 23.478161636458346,
            "R2": 0.9339841636757542
          },
          "Tiantan": {
            "MAE": 13.565656211569488,
            "RMSE": 22.675564901116545,
            "R2": 0.9417672458367751
          },
          "Wanliu": {
            "MAE": 12.724056353950896,
            "RMSE": 21.961255937916018,
            "R2": 0.9415262065311295
          },
          "Wanshouxigong": {
            "MAE": 14.824751118929345,
            "RMSE": 27.317973359607173,
            "R2": 0.929450797678951
          }
        }
      }
    },
    "correlation": {
      "GCN+Transformer": {
        "MAE": [
          17.323734102524153
        ],
        "RMSE": [
          30.629331842666375
        ],
        "R2": [
          0.8905775325806683
        ],
        "MAE_mean": 17.323734102524153,
        "MAE_std": 0.0,
        "RMSE_mean": 30.629331842666375,
        "RMSE_std": 0.0,
        "R2_mean": 0.8905775325806683,
        "R2_std": 0.0
      },
      "Linear+Transformer": {
        "MAE": [
          13.102701049522683
        ],
        "RMSE": [
          23.11975290486573
        ],
        "R2": [
          0.9376555448412728
        ],
        "MAE_mean": 13.102701049522683,
        "MAE_std": 0.0,
        "RMSE_mean": 23.11975290486573,
        "RMSE_std": 0.0,
        "R2_mean": 0.9376555448412728,
        "R2_std": 0.0
      },
      "per_station": {
        "GCN+Transformer": {
          "Aotizhongxin": {
            "MAE": 13.526736539046519,
            "RMSE": 22.775413125004782,
            "R2": 0.9401635865003457
          },
          "Changping": {
            "MAE": 16.65194347602551,
            "RMSE": 28.120447765221865,
            "R2": 0.8785607849862914
          },
          "Dingling": {
            "MAE": 22.40167299624198,
            "RMSE": 41.669729623262114,
            "R2": 0.7051126335458102
          },
          "Dongsi": {
            "MAE": 17.47267387628989,
            "RMSE": 29.46263981890519,
            "R2": 0.9156810173580081
          },
          "Guanyuan": {
            "MAE": 14.643281650101288,
            "RMSE": 26.435303119276078,
            "R2": 0.9219746298871877
          },
          "Gucheng": {
            "MAE": 21.17812122252982,
            "RMSE": 37.81132414868678,
            "R2": 0.8570086464844344
          },
          "Huairou": {
            "MAE": 20.471427143464297,
            "RMSE": 34.678834005616295,
            "R2": 0.7942068958827118
          },
          "Nongzhanguan": {
            "MAE": 15.68106075625947,
            "RMSE": 26.574281506108083,
            "R2": 0.9273649089990806
          },
          "Shunyi": {
            "MAE": 20.274636270100263,
            "RMSE": 33.222667582998014,
            "R2": 0.8678129365872961
          },
          "Tiantan": {
            "MAE": 14.053173743060404,
            "RMSE": 24.483842621034626,
            "R2": 0.9321093042985852
          },
          "Wanliu": {
            "MAE": 14.613856306836242,
            "RMSE": 24.686910530750538,
            "R2": 0.9261108944847646
          },
          "Wanshouxigong": {
            "MAE": 16.91622525033414,
            "RMSE": 31.52770050633729,
            "R2": 0.9060320513796777
          }
        },
        "Linear+Transformer": {
          "Aotizhongxin": {
            "MAE": 13.554477298057435,