{
  "city": "beijing",
  "n_stations": 12,
  "station_names": [
    "Aotizhongxin",
    "Changping",
    "Dingling",
    "Dongsi",
    "Guanyuan",
    "Gucheng",
    "Huairou",
    "Nongzhanguan",
    "Shunyi",
    "Tiantan",
    "Wanliu",
    "Wanshouxigong"
  ],
  "features": [
    "PM2.5",
    "TEMP",
    "PRES",
    "DEWP",
    "WSPM"
  ],
  "seeds": [
    42
  ],
  "config": {
    "seq_len": 12,
    "batch_size": 128,
    "d_model": 32,
    "n_heads": 2,
    "n_layers": 1,
    "max_epochs": 10,
    "patience": 5,
    "k_neighbors": 5
  },
  "graphs": {
    "distance": {
      "GCN+Transformer": {
        "MAE": [
          13.79769145034303
        ],
        "RMSE": [
          24.56145433637799
        ],
        "R2": [
          0.9296377667889779
        ],
        "MAE_mean": 13.79769145034303,
        "MAE_std": 0.0,
        "RMSE_mean": 24.56145433637799,
        "RMSE_std": 0.0,
        "R2_mean": 0.9296377667889779,
        "R2_std": 0.0
      },
      "Linear+Transformer": {
        "MAE": [
          10.893414236707983
        ],
        "RMSE": [
          20.818811861249984
        ],
        "R2": [
          0.9494474184426989
        ],
        "MAE_mean": 10.893414236707983,
        "MAE_std": 0.0,
        "RMSE_mean": 20.818811861249984,
        "RMSE_std": 0.0,
        "R2_mean": 0.9494474184426989,
        "R2_std": 0.0
      },
      "per_station": {
        "GCN+Transformer": {
          "Aotizhongxin": {
            "MAE": 13.07307556075857,
            "RMSE": 22.42572516249713,
            "R2": 0.9419869072828471
          },
          "Changping": {
            "MAE": 13.218132854408546,
            "RMSE": 22.738302063849986,
            "R2": 0.9205981628748398
          },
          "Dingling": {
            "MAE": 14.245556923813329,
            "RMSE": 26.788974415544825,
            "R2": 0.8781215347241673
          },
          "Dongsi": {
            "MAE": 15.785416738600038,
            "RMSE": 26.803131018884724,
            "R2": 0.9302164428587144
          },
          "Guanyuan": {
            "MAE": 13.79421704975719,
            "RMSE": 25.172162300188898,
            "R2": 0.9292529566302312
          },
          "Gucheng": {
            "MAE": 16.99109702224875,
            "RMSE": 30.4261109164776,
            "R2": 0.9074111068893551
          },
          "Huairou": {
            "MAE": 10.905786919371216,
            "RMSE": 19.854216619426936,
            "R2": 0.9325460547140342
          },
          "Nongzhanguan": {
            "MAE": 13.913367837341609,
            "RMSE": 23.75121022924736,
            "R2": 0.9419777040403864
          },
          "Shunyi": {
            "MAE": 12.568305030864398,
            "RMSE": 21.405739526774116,
            "R2": 0.9451242554172886
          },
          "Tiantan": {
            "MAE": 12.645574840679487,
            "RMSE": 22.086429324377953,
            "R2": 0.9447538370096433
          },
          "Wanliu": {
            "MAE": 13.427406996552559,
            "RMSE": 22.7221904108026,
            "R2": 0.9374038946644889
          },
          "Wanshouxigong": {
            "MAE": 15.004359629720673,
            "RMSE": 28.3402556376142,
            "R2": 0.9240718741668436
          }
        },
        "Linear+Transformer": {
          "Aotizhongxin": {
            "MAE": 11.12099588965666,
            "RMSE": 20.37754722851387,
            "R2": 0.9520998531781389
          },
          "Changping": {
            "MAE": 10.6313911288638,
            "RMSE": 19.39925384545779,
            "R2": 0.9422057623092498
          },
          "Dingling": {
            "MAE": 9.133212727844183,
            "RMSE": 17.339187309241776,
            "R2": 0.9489410031272821
          },
          "Dongsi": {
            "MAE": 11.870274760950375,
            "RMSE": 23.020247265012113,
            "R2": 0.9485243293974984
          },
          "Guanyuan": {
            "MAE": 11.607404960788841,
            "RMSE": 21.066833352782144,
            "R2": 0.9504474774442786
          },
          "Gucheng": {
            "MAE": 11.37035161960765,
            "RMSE": 22.219798144795483,
            "R2": 0.9506205529384798
          },
          "Huairou": {
            "MAE": 9.121436083484738,
            "RMSE": 18.90653553417265,
            "R2": 0.9388317923926572
          },
          "Nongzhanguan": {
            "MAE": 11.240481431870966,
            "RMSE": 21.03481380952435,
            "R2": 0.9544906359329345
          },
          "Shunyi": {
            "MAE": 11.033813288004586,
            "RMSE": 20.876740278956472,
            "R2": 0.9478030256096173
          },
          "Tiantan": {
            "MAE": 11.16230476580879,
            "RMSE": 20.05584689350911,
            "R2": 0.9544453083128456
          },
          "Wanliu": {
            "MAE": 10.444580195721418,
            "RMSE": 19.895686776014696,
            "R2": 0.9520084481905903
          },
          "Wanshouxigong": {
            "MAE": 11.98472398789379,
            "RMSE": 24.64863971247858,
            "R2": 0.9425644126053371
          }
        }
      }
    },
    "correlation": {
      "GCN+Transformer": {
        "MAE": [
          15.732096119506677
        ],
        "RMSE": [
          28.004619543359528
        ],
        "R2": [
          0.9085274446910643
        ],
        "MAE_mean": 15.732096119506677,
        "MAE_std": 0.0,
        "RMSE_mean": 28.004619543359528,
        "RMSE_std": 0.0,
        "R2_mean": 0.9085274446910643,
        "R2_std": 0.0
      },
      "Linear+Transformer": {
        "MAE": [
          10.893414236707983
        ],
        "RMSE": [
          20.818811861249984
        ],
        "R2": [
          0.9494474184426989
        ],
        "MAE_mean": 10.893414236707983,
        "MAE_std": 0.0,
        "RMSE_mean": 20.818811861249984,
        "RMSE_std": 0.0,
        "R2_mean": 0.9494474184426989,
        "R2_std": 0.0
      },
      "per_station": {
        "GCN+Transformer": {
          "Aotizhongxin": {
            "MAE": 13.371276205622726,
            "RMSE": 22.909193194874746,
            "R2": 0.9394585780328546
          },
          "Changping": {
            "MAE": 13.16518035767592,
            "RMSE": 23.024469830570986,
            "R2": 0.9185869986999279
          },
          "Dingling": {
            "MAE": 16.736536083876334,
            "RMSE": 32.75946036399744,
            "R2": 0.8177412949817471
          },
          "Dongsi": {
            "MAE": 17.01537737723731,
            "RMSE": 28.320539907293462,
            "R2": 0.9220914535178665
          },
          "Guanyuan": {
            "MAE": 14.376760891056753,
            "RMSE": 25.737355217669347,
            "R2": 0.9260403101353416
          },
          "Gucheng": {
            "MAE": 20.89890309454909,
            "RMSE": 37.500323761473865,
            "R2": 0.8593511976437116
          },
          "Huairou": {
            "MAE": 16.192879208556715,
            "RMSE": 27.74981738136088,
            "R2": 0.8682283139158323
          },
          "Nongzhanguan": {
            "MAE": 14.9330707194446,
            "RMSE": 25.39426054997839,
            "R2": 0.9336723569538841
          },
          "Shunyi": {
            "MAE": 18.80500623115113,
            "RMSE": 31.18544597662716,
            "R2": 0.8835273728573692
          },
          "Tiantan": {
            "MAE": 12.963923635496723,
            "RMSE": 22.84475089220464,
            "R2": 0.9408950364291159
          },
          "Wanliu": {
            "MAE": 14.21380184714938,
            "RMSE": 24.42809793442262,
            "R2": 0.9276520503223812
          },
          "Wanshouxigong": {
            "MAE": 16.112437782263434,
            "RMSE": 30.102471646746963,
            "R2": 0.9143357798999093
          }
        },
        "Linear+Transformer": {
          "Aotizhongxin": {
            "MAE": 11.12099588965666,
            "RMSE": 20.37754722851387,