{
  "city": "london",
  "n_stations": 8,
  "station_names": [
    "BL0",
    "BT4",
    "CT3",
    "GN0",
    "KC1",
    "LH0",
    "RB7",
    "TH4"
  ],
  "features": [
    "PM2.5",
    "TEMP",
    "PRES",
    "DEWP",
    "WSPM"
  ],
  "seeds": [
    42
  ],
  "config": {
    "seq_len": 12,
    "batch_size": 128,
    "d_model": 32,
    "n_heads": 2,
    "n_layers": 1,
    "max_epochs": 10,
    "patience": 5,
    "k_neighbors": 5
  },
  "graphs": {
    "distance": {
      "GCN+Transformer": {
        "MAE": [
          2.3140160372514207
        ],
        "RMSE": [
          3.470918761159981
        ],
        "R2": [
          0.4600176491799901
        ],
        "MAE_mean": 2.3140160372514207,
        "MAE_std": 0.0,
        "RMSE_mean": 3.470918761159981,
        "RMSE_std": 0.0,
        "R2_mean": 0.4600176491799901,
        "R2_std": 0.0
      },
      "Linear+Transformer": {
        "MAE": [
          1.0780618227728247
        ],
        "RMSE": [
          1.8848339177475846
        ],
        "R2": [
          0.8407656189218334
        ],
        "MAE_mean": 1.0780618227728247,
        "MAE_std": 0.0,
        "RMSE_mean": 1.8848339177475846,
        "RMSE_std": 0.0,
        "R2_mean": 0.8407656189218334,
        "R2_std": 0.0
      },
      "per_station": {
        "GCN+Transformer": {
          "BL0": {
            "MAE": 2.1642502231895078,
            "RMSE": 3.3332963612995257,
            "R2": -0.5040476490953141
          },
          "BT4": {
            "MAE": 3.0942533747344054,
            "RMSE": 4.422494371890376,
            "R2": 0.4527552628942567
          },
          "CT3": {
            "MAE": 2.5081221326443837,
            "RMSE": 3.111162331287228,
            "R2": -1.5107806298680138
          },
          "GN0": {
            "MAE": 2.078458366471802,
            "RMSE": 2.762713858167315,
            "R2": -0.18355776043284
          },
          "KC1": {
            "MAE": 1.7808964765070043,
            "RMSE": 2.570174881675927,
            "R2": 0.7157307841282883
          },
          "LH0": {
            "MAE": 1.3232272946721195,
            "RMSE": 2.03929994383639,
            "R2": 0.48474001626931673
          },
          "RB7": {
            "MAE": 2.499847992526593,
            "RMSE": 3.320280347150079,
            "R2": 0.5238316975059965
          },
          "TH4": {
            "MAE": 3.0630724372655496,
            "RMSE": 5.1583109241488785,
            "R2": 0.4460718868018869
          }
        },
        "Linear+Transformer": {
          "BL0": {
            "MAE": 0.5128680532098409,
            "RMSE": 0.8780978204357569,
            "R2": 0.8956242673271239
          },
          "BT4": {
            "MAE": 2.085543547316298,
            "RMSE": 2.9376174904682606,
            "R2": 0.7585442753894704
          },
          "CT3": {
            "MAE": 0.4896004968902516,
            "RMSE": 0.979511016064862,
            "R2": 0.7511245404367868
          },
          "GN0": {
            "MAE": 0.7157490549223995,
            "RMSE": 1.3080233595038115,
            "R2": 0.7346930389969117
          },
          "KC1": {
            "MAE": 0.9473789409098933,
            "RMSE": 1.5331803512273765,
            "R2": 0.8988441575396344
          },
          "LH0": {
            "MAE": 0.5128641059353091,
            "RMSE": 0.9612530365414008,
            "R2": 0.8855173561649987
          },
          "RB7": {
            "MAE": 1.6789140140019398,
            "RMSE": 2.513309013027594,
            "R2": 0.7271633240852912
          },
          "TH4": {
            "MAE": 1.681576368996664,
            "RMSE": 2.5996923574067456,
            "R2": 0.8593038253991656
          }
        }
      }
    },
    "correlation": {
      "GCN+Transformer": {
        "MAE": [
          2.426835720372802
        ],
        "RMSE": [
          3.5569060133670583
        ],
        "R2": [
          0.4329315999747234
        ],
        "MAE_mean": 2.426835720372802,
        "MAE_std": 0.0,
        "RMSE_mean": 3.5569060133670583,
        "RMSE_std": 0.0,
        "R2_mean": 0.4329315999747234,
        "R2_std": 0.0
      },
      "Linear+Transformer": {
        "MAE": [
          1.0780618227728247
        ],
        "RMSE": [
          1.8848339177475846
        ],
        "R2": [
          0.8407656189218334
        ],
        "MAE_mean": 1.0780618227728247,
        "MAE_std": 0.0,
        "RMSE_mean": 1.8848339177475846,
        "RMSE_std": 0.0,
        "R2_mean": 0.8407656189218334,
        "R2_std": 0.0
      },
      "per_station": {
        "GCN+Transformer": {
          "BL0": {
            "MAE": 1.8380639253890407,
            "RMSE": 2.8564353841850587,
            "R2": -0.10449193057661166
          },
          "BT4": {
            "MAE": 2.804694292912881,
            "RMSE": 4.023343004875218,
            "R2": 0.5470803797078455
          },
          "CT3": {
            "MAE": 2.5695087862309895,
            "RMSE": 3.0620829002251915,
            "R2": -1.4321889675161277
          },
          "GN0": {
            "MAE": 2.2037398137446433,
            "RMSE": 2.8717256554092505,
            "R2": -0.27880269018998804
          },
          "KC1": {
            "MAE": 1.7709407034315072,
            "RMSE": 2.719976339345603,
            "R2": 0.681628096441582
          },
          "LH0": {
            "MAE": 2.426927861573012,
            "RMSE": 3.4817480277388717,
            "R2": -0.5019617661372533
          },
          "RB7": {
            "MAE": 2.7654933291386388,
            "RMSE": 3.716806107971842,
            "R2": 0.4033072175952437
          },
          "TH4": {
            "MAE": 3.0353170505617055,
            "RMSE": 5.08993937853917,
            "R2": 0.4606588032839193
          }
        },
        "Linear+Transformer": {
          "BL0": {
            "MAE": 0.5128680532098409,
            "RMSE": 0.8780978204357569,
            "R2": 0.8956242673271239
          },
          "BT4": {
            "MAE": 2.085543547316298,
            "RMSE": 2.9376174904682606,
            "R2": 0.7585442753894704
          },
          "CT3": {
            "MAE": 0.4896004968902516,
            "RMSE": 0.979511016064862,
            "R2": 0.7511245404367868
          },
          "GN0": {
            "MAE": 0.7157490549223995,
            "RMSE": 1.3080233595038115,
            "R2": 0.7346930389969117
          },
          "KC1": {
            "MAE": 0.9473789409098933,
            "RMSE": 1.5331803512273765,
            "R2": 0.8988441575396344
          },
          "LH0": {
            "MAE": 0.5128641059353091,
            "RMSE": 0.9612530365414008,
            "R2": 0.8855173561649987
          },
          "RB7": {
            "MAE": 1.6789140140019398,
            "RMSE": 2.513309013027594,
            "R2": 0.7271633240852912
          },
          "TH4": {
            "MAE": 1.681576368996664,
            "RMSE": 2.5996923574067456,
            "R2": 0.8593038253991656
          }
        }
      }
    }
  }
}