{
  "city": "london",
  "n_stations": 8,
  "station_names": [
    "BL0",
    "BT4",
    "CT3",
    "GN0",
    "KC1",
    "LH0",
    "RB7",
    "TH4"
  ],
  "features": [
    "PM2.5",
    "TEMP",
    "PRES",
    "DEWP",
    "WSPM"
  ],
  "seeds": [
    42
  ],
  "config": {
    "seq_len": 12,
    "batch_size": 128,
    "d_model": 32,
    "n_heads": 2,
    "n_layers": 1,
    "max_epochs": 10,
    "patience": 5,
    "k_neighbors": 8
  },
  "graphs": {
    "distance": {
      "GCN+Transformer": {
        "MAE": [
          2.368873659701885
        ],
        "RMSE": [
          3.5255728047516652
        ],
        "R2": [
          0.442878341259202
        ],
        "MAE_mean": 2.368873659701885,
        "MAE_std": 0.0,
        "RMSE_mean": 3.5255728047516652,
        "RMSE_std": 0.0,
        "R2_mean": 0.442878341259202,
        "R2_std": 0.0
      },
      "Linear+Transformer": {
        "MAE": [
          1.0780618227728247
        ],
        "RMSE": [
          1.8848339177475846
        ],
        "R2": [
          0.8407656189218334
        ],
        "MAE_mean": 1.0780618227728247,
        "MAE_std": 0.0,
        "RMSE_mean": 1.8848339177475846,
        "RMSE_std": 0.0,
        "R2_mean": 0.8407656189218334,
        "R2_std": 0.0
      },
      "per_station": {
        "GCN+Transformer": {
          "BL0": {
            "MAE": 2.2308988803841494,
            "RMSE": 3.3909312484278447,
            "R2": -0.5565092562761345
          },
          "BT4": {
            "MAE": 3.070251461799739,
            "RMSE": 4.450345230929585,
            "R2": 0.44584096253104477
          },
          "CT3": {
            "MAE": 2.4700519021419227,
            "RMSE": 3.1124600053392695,
            "R2": -1.5128755731872108
          },
          "GN0": {
            "MAE": 2.0795081956056833,
            "RMSE": 2.805304702692843,
            "R2": -0.22033122692400275
          },
          "KC1": {
            "MAE": 1.8542003651267644,
            "RMSE": 2.645755067457353,
            "R2": 0.6987661621416537
          },
          "LH0": {
            "MAE": 1.5918968000331157,
            "RMSE": 2.363011590041477,
            "R2": 0.30817555329851254
          },
          "RB7": {
            "MAE": 2.649136169761705,
            "RMSE": 3.4780151229827543,
            "R2": 0.47751490659348494
          },
          "TH4": {
            "MAE": 3.005045502761999,
            "RMSE": 5.088786377878678,
            "R2": 0.4609031245915679
          }
        },
        "Linear+Transformer": {
          "BL0": {
            "MAE": 0.5128680532098409,
            "RMSE": 0.8780978204357569,
            "R2": 0.8956242673271239
          },
          "BT4": {
            "MAE": 2.085543547316298,
            "RMSE": 2.9376174904682606,
            "R2": 0.7585442753894704
          },
          "CT3": {
            "MAE": 0.4896004968902516,
            "RMSE": 0.979511016064862,
            "R2": 0.7511245404367868
          },
          "GN0": {
            "MAE": 0.7157490549223995,
            "RMSE": 1.3080233595038115,
            "R2": 0.7346930389969117
          },
          "KC1": {
            "MAE": 0.9473789409098933,
            "RMSE": 1.5331803512273765,
            "R2": 0.8988441575396344
          },
          "LH0": {
            "MAE": 0.5128641059353091,
            "RMSE": 0.9612530365414008,
            "R2": 0.8855173561649987
          },
          "RB7": {
            "MAE": 1.6789140140019398,
            "RMSE": 2.513309013027594,
            "R2": 0.7271633240852912
          },
          "TH4": {
            "MAE": 1.681576368996664,
            "RMSE": 2.5996923574067456,
            "R2": 0.8593038253991656
          }
        }
      }
    },
    "correlation": {
      "GCN+Transformer": {
        "MAE": [
          2.585996084289068
        ],
        "RMSE": [
          3.7862463240552486
        ],
        "R2": [
          0.3574478266186294
        ],
        "MAE_mean": 2.585996084289068,
        "MAE_std": 0.0,
        "RMSE_mean": 3.7862463240552486,
        "RMSE_std": 0.0,
        "R2_mean": 0.3574478266186294,
        "R2_std": 0.0
      },
      "Linear+Transformer": {
        "MAE": [
          1.0780618227728247
        ],
        "RMSE": [
          1.8848339177475846
        ],
        "R2": [
          0.8407656189218334
        ],
        "MAE_mean": 1.0780618227728247,
        "MAE_std": 0.0,
        "RMSE_mean": 1.8848339177475846,
        "RMSE_std": 0.0,
        "R2_mean": 0.8407656189218334,
        "R2_std": 0.0
      },
      "per_station": {
        "GCN+Transformer": {
          "BL0": {
            "MAE": 2.196387417314188,
            "RMSE": 3.2908353758850892,
            "R2": -0.4659732753732255
          },
          "BT4": {
            "MAE": 3.1168693273791104,
            "RMSE": 4.5617432464593435,
            "R2": 0.4177510803947456
          },
          "CT3": {
            "MAE": 2.3976758739615205,
            "RMSE": 2.9852339385876,
            "R2": -1.3116398174251302
          },
          "GN0": {
            "MAE": 2.092986499032089,
            "RMSE": 2.817975736785045,
            "R2": -0.23138013721047312
          },
          "KC1": {
            "MAE": 2.0074754764772167,
            "RMSE": 2.8467443213583215,
            "R2": 0.6512602854623382
          },
          "LH0": {
            "MAE": 2.796076638670776,
            "RMSE": 3.860266693262978,
            "R2": -0.8462853358698215
          },
          "RB7": {
            "MAE": 3.0091108285600896,
            "RMSE": 3.958411461111668,
            "R2": 0.3232116985456037
          },
          "TH4": {
            "MAE": 3.071386612917552,
            "RMSE": 5.24585059857931,
            "R2": 0.42711136052401844
          }
        },
        "Linear+Transformer": {
          "BL0": {
            "MAE": 0.5128680532098409,
            "RMSE": 0.8780978204357569,
            "R2": 0.8956242673271239
          },
          "BT4": {
            "MAE": 2.085543547316298,
            "RMSE": 2.9376174904682606,
            "R2": 0.7585442753894704
          },
          "CT3": {
            "MAE": 0.4896004968902516,
            "RMSE": 0.979511016064862,
            "R2": 0.7511245404367868
          },
          "GN0": {
            "MAE": 0.7157490549223995,
            "RMSE": 1.3080233595038115,
            "R2": 0.7346930389969117
          },
          "KC1": {
            "MAE": 0.9473789409098933,
            "RMSE": 1.5331803512273765,
            "R2": 0.8988441575396344
          },
          "LH0": {
            "MAE": 0.5128641059353091,
            "RMSE": 0.9612530365414008,
            "R2": 0.8855173561649987
          },
          "RB7": {
            "MAE": 1.6789140140019398,
            "RMSE": 2.513309013027594,
            "R2": 0.7271633240852912
          },
          "TH4": {
            "MAE": 1.681576368996664,
            "RMSE": 2.5996923574067456,
            "R2": 0.8593038253991656
          }
        }
      }
    }
  }
}