{
  "city": "london",
  "n_stations": 8,
  "station_names": [
    "BL0",
    "BT4",
    "CT3",
    "GN0",
    "KC1",
    "LH0",
    "RB7",
    "TH4"
  ],
  "features": [
    "PM2.5",
    "TEMP",
    "PRES",
    "DEWP",
    "WSPM"
  ],
  "seeds": [
    42
  ],
  "config": {
    "seq_len": 12,
    "batch_size": 128,
    "d_model": 32,
    "n_heads": 2,
    "n_layers": 1,
    "max_epochs": 10,
    "patience": 5,
    "k_neighbors": 3
  },
  "graphs": {
    "distance": {
      "GCN+Transformer": {
        "MAE": [
          2.179250529210092
        ],
        "RMSE": [
          3.2874321210131066
        ],
        "R2": [
          0.5155998644181696
        ],
        "MAE_mean": 2.179250529210092,
        "MAE_std": 0.0,
        "RMSE_mean": 3.2874321210131066,
        "RMSE_std": 0.0,
        "R2_mean": 0.5155998644181696,
        "R2_std": 0.0
      },
      "Linear+Transformer": {
        "MAE": [
          1.0780618227728247
        ],
        "RMSE": [
          1.8848339177475846
        ],
        "R2": [
          0.8407656189218334
        ],
        "MAE_mean": 1.0780618227728247,
        "MAE_std": 0.0,
        "RMSE_mean": 1.8848339177475846,
        "RMSE_std": 0.0,
        "R2_mean": 0.8407656189218334,
        "R2_std": 0.0
      },
      "per_station": {
        "GCN+Transformer": {
          "BL0": {
            "MAE": 2.0475875831684047,
            "RMSE": 3.06123467920653,
            "R2": -0.26854824232896113
          },
          "BT4": {
            "MAE": 2.8327962825429718,
            "RMSE": 4.051340788420703,
            "R2": 0.5407548603125552
          },
          "CT3": {
            "MAE": 2.2847338639831722,
            "RMSE": 2.8290854065214766,
            "R2": -1.0761347736614928
          },
          "GN0": {
            "MAE": 1.966034060925509,
            "RMSE": 2.702385567919753,
            "R2": -0.13243235916157925
          },
          "KC1": {
            "MAE": 1.842220963619172,
            "RMSE": 2.571098591063072,
            "R2": 0.715526417234444
          },
          "LH0": {
            "MAE": 1.0970423890763665,
            "RMSE": 1.7019279936003109,
            "R2": 0.6411222244801336
          },
          "RB7": {
            "MAE": 2.423958951227498,
            "RMSE": 3.201586355811969,
            "R2": 0.5572674902667627
          },
          "TH4": {
            "MAE": 2.9396301391376407,
            "RMSE": 5.060561787773158,
            "R2": 0.4668666650380807
          }
        },
        "Linear+Transformer": {
          "BL0": {
            "MAE": 0.5128680532098409,
            "RMSE": 0.8780978204357569,
            "R2": 0.8956242673271239
          },
          "BT4": {
            "MAE": 2.085543547316298,
            "RMSE": 2.9376174904682606,
            "R2": 0.7585442753894704
          },
          "CT3": {
            "MAE": 0.4896004968902516,
            "RMSE": 0.979511016064862,
            "R2": 0.7511245404367868
          },
          "GN0": {
            "MAE": 0.7157490549223995,
            "RMSE": 1.3080233595038115,
            "R2": 0.7346930389969117
          },
          "KC1": {
            "MAE": 0.9473789409098933,
            "RMSE": 1.5331803512273765,
            "R2": 0.8988441575396344
          },
          "LH0": {
            "MAE": 0.5128641059353091,
            "RMSE": 0.9612530365414008,
            "R2": 0.8855173561649987
          },
          "RB7": {
            "MAE": 1.6789140140019398,
            "RMSE": 2.513309013027594,
            "R2": 0.7271633240852912
          },
          "TH4": {
            "MAE": 1.681576368996664,
            "RMSE": 2.5996923574067456,
            "R2": 0.8593038253991656
          }
        }
      }
    },
    "correlation": {
      "GCN+Transformer": {
        "MAE": [
          2.26323538773031
        ],
        "RMSE": [
          3.3659814595967648
        ],
        "R2": [
          0.4921749657828829
        ],
        "MAE_mean": 2.26323538773031,
        "MAE_std": 0.0,
        "RMSE_mean": 3.3659814595967648,
        "RMSE_std": 0.0,
        "R2_mean": 0.4921749657828829,
        "R2_std": 0.0
      },
      "Linear+Transformer": {
        "MAE": [
          1.0780618227728247
        ],
        "RMSE": [
          1.8848339177475846
        ],
        "R2": [
          0.8407656189218334
        ],
        "MAE_mean": 1.0780618227728247,
        "MAE_std": 0.0,
        "RMSE_mean": 1.8848339177475846,
        "RMSE_std": 0.0,
        "R2_mean": 0.8407656189218334,
        "R2_std": 0.0
      },
      "per_station": {
        "GCN+Transformer": {
          "BL0": {
            "MAE": 1.615041431209118,
            "RMSE": 2.5412287963709472,
            "R2": 0.12581917786494312
          },
          "BT4": {
            "MAE": 2.3219585920620225,
            "RMSE": 3.3555278447142287,
            "R2": 0.6849578157501015
          },
          "CT3": {
            "MAE": 2.2812019248729407,
            "RMSE": 2.805922412249074,
            "R2": -1.0422774481881665
          },
          "GN0": {
            "MAE": 2.2369362756739175,
            "RMSE": 3.0615709676136045,
            "R2": -0.45347078502457316
          },
          "KC1": {
            "MAE": 1.6886972699503728,
            "RMSE": 2.478820348551095,
            "R2": 0.7355798258497743
          },
          "LH0": {
            "MAE": 2.2863897127437243,
            "RMSE": 3.441751083224118,
            "R2": -0.4676520869470444
          },
          "RB7": {
            "MAE": 2.743193503554726,
            "RMSE": 3.6653025524895826,
            "R2": 0.41972931474007635
          },
          "TH4": {
            "MAE": 2.9324643917756577,
            "RMSE": 4.924446929837677,
            "R2": 0.4951605352645613
          }
        },
        "Linear+Transformer": {
          "BL0": {
            "MAE": 0.5128680532098409,
            "RMSE": 0.8780978204357569,
            "R2": 0.8956242673271239
          },
          "BT4": {
            "MAE": 2.085543547316298,
            "RMSE": 2.9376174904682606,
            "R2": 0.7585442753894704
          },
          "CT3": {
            "MAE": 0.4896004968902516,
            "RMSE": 0.979511016064862,
            "R2": 0.7511245404367868
          },
          "GN0": {
            "MAE": 0.7157490549223995,
            "RMSE": 1.3080233595038115,
            "R2": 0.7346930389969117
          },
          "KC1": {
            "MAE": 0.9473789409098933,
            "RMSE": 1.5331803512273765,
            "R2": 0.8988441575396344
          },
          "LH0": {
            "MAE": 0.5128641059353091,
            "RMSE": 0.9612530365414008,
            "R2": 0.8855173561649987
          },
          "RB7": {
            "MAE": 1.6789140140019398,
            "RMSE": 2.513309013027594,
            "R2": 0.7271633240852912
          },
          "TH4": {
            "MAE": 1.681576368996664,
            "RMSE": 2.5996923574067456,
            "R2": 0.8593038253991656
          }
        }
      }
    }
  }
}