{
  "city": "madrid",
  "n_stations": 7,
  "station_names": [
    "CASA DE CAMPO",
    "CASTELLANA",
    "CUATRO CAMINOS-PABLO",
    "ESCUELAS AGUIRRE",
    "MENDEZ ALVARO",
    "PLAZA CASTILLA-CANAL",
    "PLAZA EL\u00cdPTICA"
  ],
  "features": [
    "PM2.5",
    "TEMP",
    "PRES",
    "DEWP",
    "WSPM"
  ],
  "seeds": [
    42
  ],
  "config": {
    "seq_len": 12,
    "batch_size": 128,
    "d_model": 32,
    "n_heads": 2,
    "n_layers": 1,
    "max_epochs": 10,
    "patience": 5,
    "k_neighbors": 5
  },
  "graphs": {
    "distance": {
      "GCN+Transformer": {
        "MAE": [
          4.872098301151231
        ],
        "RMSE": [
          7.798159725222551
        ],
        "R2": [
          0.4699698190287488
        ],
        "MAE_mean": 4.872098301151231,
        "MAE_std": 0.0,
        "RMSE_mean": 7.798159725222551,
        "RMSE_std": 0.0,
        "R2_mean": 0.4699698190287488,
        "R2_std": 0.0
      },
      "Linear+Transformer": {
        "MAE": [
          2.9200917317162722
        ],
        "RMSE": [
          4.6277718482658114
        ],
        "R2": [
          0.8133361466253117
        ],
        "MAE_mean": 2.9200917317162722,
        "MAE_std": 0.0,
        "RMSE_mean": 4.6277718482658114,
        "RMSE_std": 0.0,
        "R2_mean": 0.8133361466253117,
        "R2_std": 0.0
      },
      "per_station": {
        "GCN+Transformer": {
          "CASA DE CAMPO": {
            "MAE": 3.2383420531057348,
            "RMSE": 4.381075648234504,
            "R2": 0.46873269154450026
          },
          "CASTELLANA": {
            "MAE": 7.448354768978001,
            "RMSE": 13.021241674857682,
            "R2": 0.2773513513239121
          },
          "CUATRO CAMINOS-PABLO": {
            "MAE": 4.254319862334212,
            "RMSE": 6.56210131783911,
            "R2": 0.5444044504526658
          },
          "ESCUELAS AGUIRRE": {
            "MAE": 5.438028150921694,
            "RMSE": 7.695556845008673,
            "R2": 0.4615013492575124
          },
          "MENDEZ ALVARO": {
            "MAE": 4.037449601917405,
            "RMSE": 6.1532411169247405,
            "R2": 0.616946265087083
          },
          "PLAZA CASTILLA-CANAL": {
            "MAE": 4.509596810570868,
            "RMSE": 6.468495646701618,
            "R2": 0.5276255272519237
          },
          "PLAZA EL\u00cdPTICA": {
            "MAE": 5.178596860230699,
            "RMSE": 7.412551927320366,
            "R2": 0.4596130768944954
          }
        },
        "Linear+Transformer": {
          "CASA DE CAMPO": {
            "MAE": 2.3315677768418714,
            "RMSE": 3.5502785118018942,
            "R2": 0.6511197091667875
          },
          "CASTELLANA": {
            "MAE": 3.3304517237154063,
            "RMSE": 5.11055167106969,
            "R2": 0.8886839048866938
          },
          "CUATRO CAMINOS-PABLO": {
            "MAE": 2.567834414158825,
            "RMSE": 3.9999792094627358,
            "R2": 0.8307186639597168
          },
          "ESCUELAS AGUIRRE": {
            "MAE": 3.2026551086005757,
            "RMSE": 5.248147684981072,
            "R2": 0.7495525501465466
          },
          "MENDEZ ALVARO": {
            "MAE": 2.890783077456152,
            "RMSE": 4.514671837153593,
            "R2": 0.7937926173129088
          },
          "PLAZA CASTILLA-CANAL": {
            "MAE": 2.8771546534170955,
            "RMSE": 4.525616772614108,
            "R2": 0.7687746793573811
          },
          "PLAZA EL\u00cdPTICA": {
            "MAE": 3.2401953678239797,
            "RMSE": 5.17545488763212,
            "R2": 0.7365692986366491
          }
        }
      }
    },
    "correlation": {
      "GCN+Transformer": {
        "MAE": [
          5.099502217899735
        ],
        "RMSE": [
          8.031628514686147
        ],
        "R2": [
          0.4377576266670997
        ],
        "MAE_mean": 5.099502217899735,
        "MAE_std": 0.0,
        "RMSE_mean": 8.031628514686147,
        "RMSE_std": 0.0,
        "R2_mean": 0.4377576266670997,
        "R2_std": 0.0
      },
      "Linear+Transformer": {
        "MAE": [
          2.9200917317162722
        ],
        "RMSE": [
          4.6277718482658114
        ],
        "R2": [
          0.8133361466253117
        ],
        "MAE_mean": 2.9200917317162722,
        "MAE_std": 0.0,
        "RMSE_mean": 4.6277718482658114,
        "RMSE_std": 0.0,
        "R2_mean": 0.8133361466253117,
        "R2_std": 0.0
      },
      "per_station": {
        "GCN+Transformer": {
          "CASA DE CAMPO": {
            "MAE": 4.419997472256774,
            "RMSE": 5.950586162445691,
            "R2": 0.019898432029488267
          },
          "CASTELLANA": {
            "MAE": 7.673349330570372,
            "RMSE": 13.270929239733784,
            "R2": 0.2493714771892347
          },
          "CUATRO CAMINOS-PABLO": {
            "MAE": 4.233863707815298,
            "RMSE": 6.609730932338623,
            "R2": 0.537766761952542
          },
          "ESCUELAS AGUIRRE": {
            "MAE": 5.212429034345553,
            "RMSE": 7.386451803438885,
            "R2": 0.5038919715881602
          },
          "MENDEZ ALVARO": {
            "MAE": 3.5983699123939474,
            "RMSE": 5.528669668505343,
            "R2": 0.6907618128207419
          },
          "PLAZA CASTILLA-CANAL": {
            "MAE": 4.664737528485429,
            "RMSE": 6.607790803973528,
            "R2": 0.5070618734597374
          },
          "PLAZA EL\u00cdPTICA": {
            "MAE": 5.893768539430771,
            "RMSE": 8.21857997270564,
            "R2": 0.33570206191908647
          }
        },
        "Linear+Transformer": {
          "CASA DE CAMPO": {
            "MAE": 2.3315677768418714,
            "RMSE": 3.5502785118018942,
            "R2": 0.6511197091667875
          },
          "CASTELLANA": {
            "MAE": 3.3304517237154063,
            "RMSE": 5.11055167106969,
            "R2": 0.8886839048866938
          },
          "CUATRO CAMINOS-PABLO": {
            "MAE": 2.567834414158825,
            "RMSE": 3.9999792094627358,
            "R2": 0.8307186639597168
          },
          "ESCUELAS AGUIRRE": {
            "MAE": 3.2026551086005757,
            "RMSE": 5.248147684981072,
            "R2": 0.7495525501465466
          },
          "MENDEZ ALVARO": {
            "MAE": 2.890783077456152,
            "RMSE": 4.514671837153593,
            "R2": 0.7937926173129088
          },
          "PLAZA CASTILLA-CANAL": {
            "MAE": 2.8771546534170955,
            "RMSE": 4.525616772614108,
            "R2": 0.7687746793573811
          },
          "PLAZA EL\u00cdPTICA": {
            "MAE": 3.2401953678239797,
            "RMSE": 5.17545488763212,
            "R2": 0.7365692986366491
          }
        }
      }
    }
  }
}