{
  "city": "madrid",
  "n_stations": 7,
  "station_names": [
    "CASA DE CAMPO",
    "CASTELLANA",
    "CUATRO CAMINOS-PABLO",
    "ESCUELAS AGUIRRE",
    "MENDEZ ALVARO",
    "PLAZA CASTILLA-CANAL",
    "PLAZA EL\u00cdPTICA"
  ],
  "features": [
    "PM2.5",
    "TEMP",
    "PRES",
    "DEWP",
    "WSPM"
  ],
  "seeds": [
    42
  ],
  "config": {
    "seq_len": 12,
    "batch_size": 128,
    "d_model": 32,
    "n_heads": 2,
    "n_layers": 1,
    "max_epochs": 10,
    "patience": 5,
    "k_neighbors": 8
  },
  "graphs": {
    "distance": {
      "GCN+Transformer": {
        "MAE": [
          4.973612320733893
        ],
        "RMSE": [
          7.891480041180702
        ],
        "R2": [
          0.45720820750737756
        ],
        "MAE_mean": 4.973612320733893,
        "MAE_std": 0.0,
        "RMSE_mean": 7.891480041180702,
        "RMSE_std": 0.0,
        "R2_mean": 0.45720820750737756,
        "R2_std": 0.0
      },
      "Linear+Transformer": {
        "MAE": [
          2.9200917317162722
        ],
        "RMSE": [
          4.6277718482658114
        ],
        "R2": [
          0.8133361466253117
        ],
        "MAE_mean": 2.9200917317162722,
        "MAE_std": 0.0,
        "RMSE_mean": 4.6277718482658114,
        "RMSE_std": 0.0,
        "R2_mean": 0.8133361466253117,
        "R2_std": 0.0
      },
      "per_station": {
        "GCN+Transformer": {
          "CASA DE CAMPO": {
            "MAE": 3.7281500647438413,
            "RMSE": 4.971038442866897,
            "R2": 0.31601617526394943
          },
          "CASTELLANA": {
            "MAE": 7.4679860915896885,
            "RMSE": 13.13989833351234,
            "R2": 0.2641210061317124
          },
          "CUATRO CAMINOS-PABLO": {
            "MAE": 4.189874899836002,
            "RMSE": 6.482770445722638,
            "R2": 0.5553534806316098
          },
          "ESCUELAS AGUIRRE": {
            "MAE": 5.498800888432275,
            "RMSE": 7.739669774241613,
            "R2": 0.4553100267693372
          },
          "MENDEZ ALVARO": {
            "MAE": 4.152161137296522,
            "RMSE": 6.246729797413208,
            "R2": 0.6052180605589439
          },
          "PLAZA CASTILLA-CANAL": {
            "MAE": 4.612449879407692,
            "RMSE": 6.535296566044024,
            "R2": 0.5178186147495203
          },
          "PLAZA EL\u00cdPTICA": {
            "MAE": 5.165863283831224,
            "RMSE": 7.409420627329224,
            "R2": 0.46006953404516737
          }
        },
        "Linear+Transformer": {
          "CASA DE CAMPO": {
            "MAE": 2.3315677768418714,
            "RMSE": 3.5502785118018942,
            "R2": 0.6511197091667875
          },
          "CASTELLANA": {
            "MAE": 3.3304517237154063,
            "RMSE": 5.11055167106969,
            "R2": 0.8886839048866938
          },
          "CUATRO CAMINOS-PABLO": {
            "MAE": 2.567834414158825,
            "RMSE": 3.9999792094627358,
            "R2": 0.8307186639597168
          },
          "ESCUELAS AGUIRRE": {
            "MAE": 3.2026551086005757,
            "RMSE": 5.248147684981072,
            "R2": 0.7495525501465466
          },
          "MENDEZ ALVARO": {
            "MAE": 2.890783077456152,
            "RMSE": 4.514671837153593,
            "R2": 0.7937926173129088
          },
          "PLAZA CASTILLA-CANAL": {
            "MAE": 2.8771546534170955,
            "RMSE": 4.525616772614108,
            "R2": 0.7687746793573811
          },
          "PLAZA EL\u00cdPTICA": {
            "MAE": 3.2401953678239797,
            "RMSE": 5.17545488763212,
            "R2": 0.7365692986366491
          }
        }
      }
    },
    "correlation": {
      "GCN+Transformer": {
        "MAE": [
          5.197928505945946
        ],
        "RMSE": [
          8.249233107130758
        ],
        "R2": [
          0.40687872894871324
        ],
        "MAE_mean": 5.197928505945946,
        "MAE_std": 0.0,
        "RMSE_mean": 8.249233107130758,
        "RMSE_std": 0.0,
        "R2_mean": 0.40687872894871324,
        "R2_std": 0.0
      },
      "Linear+Transformer": {
        "MAE": [
          2.9200917317162722
        ],
        "RMSE": [
          4.6277718482658114
        ],
        "R2": [
          0.8133361466253117
        ],
        "MAE_mean": 2.9200917317162722,
        "MAE_std": 0.0,
        "RMSE_mean": 4.6277718482658114,
        "RMSE_std": 0.0,
        "R2_mean": 0.8133361466253117,
        "R2_std": 0.0
      },
      "per_station": {
        "GCN+Transformer": {
          "CASA DE CAMPO": {
            "MAE": 4.3025568013594935,
            "RMSE": 5.765240158785976,
            "R2": 0.08000303591737656
          },
          "CASTELLANA": {
            "MAE": 7.865249146939061,
            "RMSE": 13.737641610716572,
            "R2": 0.19564686207423188
          },
          "CUATRO CAMINOS-PABLO": {
            "MAE": 4.263549651643701,
            "RMSE": 6.690199923667986,
            "R2": 0.5264435000980743
          },
          "ESCUELAS AGUIRRE": {
            "MAE": 5.6567292578458535,
            "RMSE": 8.037942052640656,
            "R2": 0.4125184118163797
          },
          "MENDEZ ALVARO": {
            "MAE": 3.656312931234063,
            "RMSE": 5.605606310224792,
            "R2": 0.6820952469634173
          },
          "PLAZA CASTILLA-CANAL": {
            "MAE": 4.741407832425244,
            "RMSE": 6.73720656704634,
            "R2": 0.4875640780181182
          },
          "PLAZA EL\u00cdPTICA": {
            "MAE": 5.899693920174203,
            "RMSE": 8.258818013793785,
            "R2": 0.32918135328877585
          }
        },
        "Linear+Transformer": {
          "CASA DE CAMPO": {
            "MAE": 2.3315677768418714,
            "RMSE": 3.5502785118018942,
            "R2": 0.6511197091667875
          },
          "CASTELLANA": {
            "MAE": 3.3304517237154063,
            "RMSE": 5.11055167106969,
            "R2": 0.8886839048866938
          },
          "CUATRO CAMINOS-PABLO": {
            "MAE": 2.567834414158825,
            "RMSE": 3.9999792094627358,
            "R2": 0.8307186639597168
          },
          "ESCUELAS AGUIRRE": {
            "MAE": 3.2026551086005757,
            "RMSE": 5.248147684981072,
            "R2": 0.7495525501465466
          },
          "MENDEZ ALVARO": {
            "MAE": 2.890783077456152,
            "RMSE": 4.514671837153593,
            "R2": 0.7937926173129088
          },
          "PLAZA CASTILLA-CANAL": {
            "MAE": 2.8771546534170955,
            "RMSE": 4.525616772614108,
            "R2": 0.7687746793573811
          },
          "PLAZA EL\u00cdPTICA": {
            "MAE": 3.2401953678239797,
            "RMSE": 5.17545488763212,
            "R2": 0.7365692986366491
          }
        }
      }
    }
  }
}