{
  "city": "madrid",
  "n_stations": 7,
  "station_names": [
    "CASA DE CAMPO",
    "CASTELLANA",
    "CUATRO CAMINOS-PABLO",
    "ESCUELAS AGUIRRE",
    "MENDEZ ALVARO",
    "PLAZA CASTILLA-CANAL",
    "PLAZA EL\u00cdPTICA"
  ],
  "features": [
    "PM2.5",
    "TEMP",
    "PRES",
    "DEWP",
    "WSPM"
  ],
  "seeds": [
    42
  ],
  "config": {
    "seq_len": 12,
    "batch_size": 128,
    "d_model": 32,
    "n_heads": 2,
    "n_layers": 1,
    "max_epochs": 10,
    "patience": 5,
    "k_neighbors": 3
  },
  "graphs": {
    "distance": {
      "GCN+Transformer": {
        "MAE": [
          4.6135742830409265
        ],
        "RMSE": [
          7.393513097310832
        ],
        "R2": [
          0.5235492221688663
        ],
        "MAE_mean": 4.6135742830409265,
        "MAE_std": 0.0,
        "RMSE_mean": 7.393513097310832,
        "RMSE_std": 0.0,
        "R2_mean": 0.5235492221688663,
        "R2_std": 0.0
      },
      "Linear+Transformer": {
        "MAE": [
          2.9200917317162722
        ],
        "RMSE": [
          4.6277718482658114
        ],
        "R2": [
          0.8133361466253117
        ],
        "MAE_mean": 2.9200917317162722,
        "MAE_std": 0.0,
        "RMSE_mean": 4.6277718482658114,
        "RMSE_std": 0.0,
        "R2_mean": 0.8133361466253117,
        "R2_std": 0.0
      },
      "per_station": {
        "GCN+Transformer": {
          "CASA DE CAMPO": {
            "MAE": 2.583356440773466,
            "RMSE": 3.6848624344337377,
            "R2": 0.6241676614941156
          },
          "CASTELLANA": {
            "MAE": 7.084233743103341,
            "RMSE": 12.192971591709881,
            "R2": 0.3663615545926979
          },
          "CUATRO CAMINOS-PABLO": {
            "MAE": 4.401785205459889,
            "RMSE": 6.646759355315029,
            "R2": 0.5325732948618924
          },
          "ESCUELAS AGUIRRE": {
            "MAE": 5.324007434778977,
            "RMSE": 7.502820476932098,
            "R2": 0.4881371287924584
          },
          "MENDEZ ALVARO": {
            "MAE": 3.7802563645962546,
            "RMSE": 5.7376088473095495,
            "R2": 0.6669467242417461
          },
          "PLAZA CASTILLA-CANAL": {
            "MAE": 4.35810181361906,
            "RMSE": 6.272175912645061,
            "R2": 0.55586366920227
          },
          "PLAZA EL\u00cdPTICA": {
            "MAE": 4.763278978955499,
            "RMSE": 6.904303950679841,
            "R2": 0.5311767535687979
          }
        },
        "Linear+Transformer": {
          "CASA DE CAMPO": {
            "MAE": 2.3315677768418714,
            "RMSE": 3.5502785118018942,
            "R2": 0.6511197091667875
          },
          "CASTELLANA": {
            "MAE": 3.3304517237154063,
            "RMSE": 5.11055167106969,
            "R2": 0.8886839048866938
          },
          "CUATRO CAMINOS-PABLO": {
            "MAE": 2.567834414158825,
            "RMSE": 3.9999792094627358,
            "R2": 0.8307186639597168
          },
          "ESCUELAS AGUIRRE": {
            "MAE": 3.2026551086005757,
            "RMSE": 5.248147684981072,
            "R2": 0.7495525501465466
          },
          "MENDEZ ALVARO": {
            "MAE": 2.890783077456152,
            "RMSE": 4.514671837153593,
            "R2": 0.7937926173129088
          },
          "PLAZA CASTILLA-CANAL": {
            "MAE": 2.8771546534170955,
            "RMSE": 4.525616772614108,
            "R2": 0.7687746793573811
          },
          "PLAZA EL\u00cdPTICA": {
            "MAE": 3.2401953678239797,
            "RMSE": 5.17545488763212,
            "R2": 0.7365692986366491
          }
        }
      }
    },
    "correlation": {
      "GCN+Transformer": {
        "MAE": [
          4.886907505854626
        ],
        "RMSE": [
          7.55301492686005
        ],
        "R2": [
          0.5027703325086079
        ],
        "MAE_mean": 4.886907505854626,
        "MAE_std": 0.0,
        "RMSE_mean": 7.55301492686005,
        "RMSE_std": 0.0,
        "R2_mean": 0.5027703325086079,
        "R2_std": 0.0
      },
      "Linear+Transformer": {
        "MAE": [
          2.9200917317162722
        ],
        "RMSE": [
          4.6277718482658114
        ],
        "R2": [
          0.8133361466253117
        ],
        "MAE_mean": 2.9200917317162722,
        "MAE_std": 0.0,
        "RMSE_mean": 4.6277718482658114,
        "RMSE_std": 0.0,
        "R2_mean": 0.8133361466253117,
        "R2_std": 0.0
      },
      "per_station": {
        "GCN+Transformer": {
          "CASA DE CAMPO": {
            "MAE": 4.83092340340724,
            "RMSE": 6.58751283914276,
            "R2": -0.20114250945779855
          },
          "CASTELLANA": {
            "MAE": 7.070082147167161,
            "RMSE": 11.765842994506063,
            "R2": 0.40997760859513355
          },
          "CUATRO CAMINOS-PABLO": {
            "MAE": 4.255895416222845,
            "RMSE": 6.532050178066145,
            "R2": 0.5485676949790221
          },
          "ESCUELAS AGUIRRE": {
            "MAE": 3.900550449499408,
            "RMSE": 5.87851794872603,
            "R2": 0.685775375808581
          },
          "MENDEZ ALVARO": {
            "MAE": 3.5398830809596062,
            "RMSE": 5.4362104969695695,
            "R2": 0.7010184672125581
          },
          "PLAZA CASTILLA-CANAL": {
            "MAE": 4.725801145614115,
            "RMSE": 6.630086165655302,
            "R2": 0.50372981430994
          },
          "PLAZA EL\u00cdPTICA": {
            "MAE": 5.8852168981120005,
            "RMSE": 8.171338610455022,
            "R2": 0.3433170379742533
          }
        },
        "Linear+Transformer": {
          "CASA DE CAMPO": {
            "MAE": 2.3315677768418714,
            "RMSE": 3.5502785118018942,
            "R2": 0.6511197091667875
          },
          "CASTELLANA": {
            "MAE": 3.3304517237154063,
            "RMSE": 5.11055167106969,
            "R2": 0.8886839048866938
          },
          "CUATRO CAMINOS-PABLO": {
            "MAE": 2.567834414158825,
            "RMSE": 3.9999792094627358,
            "R2": 0.8307186639597168
          },
          "ESCUELAS AGUIRRE": {
            "MAE": 3.2026551086005757,
            "RMSE": 5.248147684981072,
            "R2": 0.7495525501465466
          },
          "MENDEZ ALVARO": {
            "MAE": 2.890783077456152,
            "RMSE": 4.514671837153593,
            "R2": 0.7937926173129088
          },
          "PLAZA CASTILLA-CANAL": {
            "MAE": 2.8771546534170955,
            "RMSE": 4.525616772614108,
            "R2": 0.7687746793573811
          },
          "PLAZA EL\u00cdPTICA": {
            "MAE": 3.2401953678239797,
            "RMSE": 5.17545488763212,
            "R2": 0.7365692986366491
          }
        }
      }
    }
  }
}